Genome,Ave_fit,Std_fit,Ave_thr,Std_thr,Seed,Num_Learning,Num_Mating
"[1, 1, 0, 0, 0, 0, 0, 0, 0, 0]",9.537979571683891,2.0020824012116694,6.322739454247451,1.4287081429901012,57931,2,8
"[1, 1, 0, 0, 0, 0, 0, 0, 0, 1]",9.99203873582406,2.4034953388619478,6.6077931045109155,1.2658315568470593,95536,3,7
"[1, 1, 0, 0, 0, 0, 0, 0, 1, 0]",9.699001759305261,2.6247870035402423,6.403561951444976,1.2480939084913305,16435,3,7
"[1, 1, 0, 0, 0, 0, 0, 0, 1, 1]",8.871868149331462,3.1851245531543793,6.280545063463071,1.2640168609949118,99624,4,6
"[1, 1, 0, 0, 0, 0, 0, 1, 0, 0]",9.846910254182282,2.2451975094052634,6.359049637196488,1.2568823589292166,80330,3,7
"[1, 1, 0, 0, 0, 0, 0, 1, 0, 1]",9.45956677637131,2.797878070051729,6.331245347646136,1.4353829120484667,80612,4,6
"[1, 1, 0, 0, 0, 0, 0, 1, 1, 0]",9.707048707780581,2.616021970310361,6.32170051303469,1.2074910432515453,29956,4,6
"[1, 1, 0, 0, 0, 0, 0, 1, 1, 1]",8.939164058330292,3.4125887213124195,6.231077744812399,1.280667856440618,89888,5,5
"[1, 1, 0, 0, 0, 0, 1, 0, 0, 0]",9.836290997641415,2.2180995933858694,6.406553898555631,1.1502551133307046,29142,3,7
"[1, 1, 0, 0, 0, 0, 1, 0, 0, 1]",9.646394748385699,3.2069045876563855,6.4129768695928195,1.198660548152235,51955,4,6
"[1, 1, 0, 0, 0, 0, 1, 0, 1, 0]",9.485218204209449,2.7456779344125897,6.370292660430644,1.2062746851894743,93627,4,6
"[1, 1, 0, 0, 0, 0, 1, 0, 1, 1]",8.947156785908028,3.1894205746774973,6.497606398028914,1.2217369395173694,91513,5,5
"[1, 1, 0, 0, 0, 0, 1, 1, 0, 0]",10.314619555181128,2.2863387569105678,6.62313374436024,1.2237033463278435,12045,4,6
"[1, 1, 0, 0, 0, 0, 1, 1, 0, 1]",9.079840874408358,3.1587775305049055,6.2892992489590425,1.2316439649369155,11274,5,5
"[1, 1, 0, 0, 0, 0, 1, 1, 1, 0]",9.597977073815187,3.2884043810763894,6.309456756340965,1.2189780052790748,32996,5,5
"[1, 1, 0, 0, 0, 0, 1, 1, 1, 1]",8.915984817242123,3.1831500301072,6.167476425772472,1.1883060317532468,37199,6,4
"[1, 1, 0, 0, 0, 1, 0, 0, 0, 0]",9.538692746130687,2.2584698187150987,6.334164561063106,1.2064898347198652,51946,3,7
"[1, 1, 0, 0, 0, 1, 0, 0, 0, 1]",9.498834793697725,2.457382330827967,6.418711047869101,1.1287343516057653,52156,4,6
"[1, 1, 0, 0, 0, 1, 0, 0, 1, 0]",9.681467172596644,2.909114335401019,6.439593334314013,1.212563457516989,43703,4,6
"[1, 1, 0, 0, 0, 1, 0, 0, 1, 1]",8.735448420803799,3.5539220784318966,6.23668666121163,1.22358697858073,63203,5,5
"[1, 1, 0, 0, 0, 1, 0, 1, 0, 0]",9.240409112780846,3.059052450754629,6.1313203984848315,1.3823297139164543,9240,4,6
"[1, 1, 0, 0, 0, 1, 0, 1, 0, 1]",8.919847807599911,2.92811269890364,6.3351095023580974,1.3679327847422935,20776,5,5
"[1, 1, 0, 0, 0, 1, 0, 1, 1, 0]",9.267267275876693,2.8485733939816185,6.464586525046937,1.3309617080343552,5910,5,5
"[1, 1, 0, 0, 0, 1, 0, 1, 1, 1]",9.042518994517952,3.2667600568755937,6.726962707990846,1.3885956759240807,40036,6,4
"[1, 1, 0, 0, 0, 1, 1, 0, 0, 0]",9.479129201561541,2.342413042230749,6.325839632298187,1.2221000618677553,23312,4,6
"[1, 1, 0, 0, 0, 1, 1, 0, 0, 1]",9.472337067176435,2.770699638553188,6.536165106501199,1.336469165153042,28465,5,5
"[1, 1, 0, 0, 0, 1, 1, 0, 1, 0]",9.35424261532267,2.3739721722662237,6.250233793942036,1.184233689253713,61308,5,5
"[1, 1, 0, 0, 0, 1, 1, 0, 1, 1]",8.922178289662511,3.8435969590236314,6.501998566311626,1.3824979427872466,33846,6,4
"[1, 1, 0, 0, 0, 1, 1, 1, 0, 0]",8.91272997758205,3.26042127757266,6.375588611026514,1.388368299197591,17176,5,5
"[1, 1, 0, 0, 0, 1, 1, 1, 0, 1]",9.559506224562861,3.2409936418902396,6.528086854075538,1.3143639803849025,39918,6,4
"[1, 1, 0, 0, 0, 1, 1, 1, 1, 0]",9.314079079145063,3.359772091242842,6.468086756095394,1.263976276109157,68865,6,4
"[1, 1, 0, 0, 0, 1, 1, 1, 1, 1]",8.322605767360125,4.615291267071452,6.590212234491394,1.1721442124730925,61258,7,3
"[1, 1, 0, 0, 1, 0, 0, 0, 0, 0]",10.077686465135825,2.02192573269182,6.649432263175303,1.1759333844158615,27827,3,7
"[1, 1, 0, 0, 1, 0, 0, 0, 0, 1]",9.79799439366912,2.6381865241834843,6.353382759776094,1.1499501877238896,9105,4,6
"[1, 1, 0, 0, 1, 0, 0, 0, 1, 0]",9.245782972092783,2.3375911451835,6.112389047555719,1.154036448776342,12981,4,6
"[1, 1, 0, 0, 1, 0, 0, 0, 1, 1]",9.09221542419705,2.950239394507333,6.058146043900218,1.230012077671769,22870,5,5
"[1, 1, 0, 0, 1, 0, 0, 1, 0, 0]",9.60370907911975,2.692081144873209,6.489792125227042,1.2370989220915727,84926,4,6
"[1, 1, 0, 0, 1, 0, 0, 1, 0, 1]",9.474296689295688,3.104071881870884,6.509059854945332,1.240971372336164,21723,5,5
"[1, 1, 0, 0, 1, 0, 0, 1, 1, 0]",9.178156566214277,2.9437423812736143,6.267377031505273,1.3152640033965375,43902,5,5
"[1, 1, 0, 0, 1, 0, 0, 1, 1, 1]",9.586767182026326,3.4908779171129525,6.447366633797781,1.204295812334027,47793,6,4
"[1, 1, 0, 0, 1, 0, 1, 0, 0, 0]",9.398640282420503,2.647210305422453,6.165022486669517,1.2348855924803683,92895,4,6
"[1, 1, 0, 0, 1, 0, 1, 0, 0, 1]",9.246522596858753,2.992596437623614,6.303728808667886,1.2414817672419396,2585,5,5
"[1, 1, 0, 0, 1, 0, 1, 0, 1, 0]",9.496823678146843,2.5455935487032817,6.3750984017222825,1.2989104173388575,39696,5,5
"[1, 1, 0, 0, 1, 0, 1, 0, 1, 1]",8.99385411607354,2.878851103973093,6.29658892245102,1.2191130201797542,83071,6,4
"[1, 1, 0, 0, 1, 0, 1, 1, 0, 0]",9.110720185792328,2.9041329965424674,6.4765987241355845,1.3299917174960052,57126,5,5
"[1, 1, 0, 0, 1, 0, 1, 1, 0, 1]",8.721360743194952,4.14470716902464,6.4024524836573,1.3023759516590114,52714,6,4
"[1, 1, 0, 0, 1, 0, 1, 1, 1, 0]",8.900189799296863,3.649327005699027,6.539052756515838,1.2705597088451308,90895,6,4
"[1, 1, 0, 0, 1, 0, 1, 1, 1, 1]",7.924027646260218,4.313825916401757,6.3718845922767855,1.313197008283177,41961,7,3
"[1, 1, 0, 0, 1, 1, 0, 0, 0, 0]",9.274629033698494,2.668513655969287,6.437238624732291,1.2902436846497138,51147,4,6
"[1, 1, 0, 0, 1, 1, 0, 0, 0, 1]",9.51220899240564,2.63254940658156,6.5451884439086845,1.2713894375690256,59257,5,5
"[1, 1, 0, 0, 1, 1, 0, 0, 1, 0]",9.639198902037155,2.435915920955497,6.501734861076519,1.168310010130328,60617,5,5
"[1, 1, 0, 0, 1, 1, 0, 0, 1, 1]",8.561446484585066,3.705942279726129,6.34064534114816,1.1394887089210313,83086,6,4
"[1, 1, 0, 0, 1, 1, 0, 1, 0, 0]",9.429662184019174,2.8944861814514544,6.467913989305893,1.2570155856226197,66253,5,5
"[1, 1, 0, 0, 1, 1, 0, 1, 0, 1]",9.496639524912247,3.659536913489061,6.561780300792906,1.1497221618626225,67799,6,4
"[1, 1, 0, 0, 1, 1, 0, 1, 1, 0]",9.618682257045522,3.0250709870266292,6.464508740811965,1.2115992760081247,267,6,4
"[1, 1, 0, 0, 1, 1, 0, 1, 1, 1]",8.147071621098009,4.144804043556731,6.5832784962985,1.3031202315096408,33800,7,3
"[1, 1, 0, 0, 1, 1, 1, 0, 0, 0]",8.965251214024505,3.547499724734411,6.411932622037848,1.1757004277722116,10227,5,5
"[1, 1, 0, 0, 1, 1, 1, 0, 0, 1]",9.142213644229845,2.941080868650899,6.307443017903677,1.1975130539426244,20235,6,4
"[1, 1, 0, 0, 1, 1, 1, 0, 1, 0]",8.452716333992367,3.7400288957278014,6.435532084797095,1.1744889516491093,86545,6,4
"[1, 1, 0, 0, 1, 1, 1, 0, 1, 1]",7.824276988636098,4.602760438905043,6.305571876952782,1.3372284583056049,94395,7,3
"[1, 1, 0, 0, 1, 1, 1, 1, 0, 0]",9.274627181284654,3.340904120810354,6.413499570547327,1.3130602918427168,88758,6,4
"[1, 1, 0, 0, 1, 1, 1, 1, 0, 1]",7.640540940201305,4.652001873364717,6.547464527599875,1.235824048754297,36294,7,3
"[1, 1, 0, 0, 1, 1, 1, 1, 1, 0]",7.82144330989103,4.084839030972423,6.395645628312577,1.2455271855068393,35852,7,3
"[1, 1, 0, 0, 1, 1, 1, 1, 1, 1]",6.991236439906252,4.685289864804264,6.6801018767337075,1.2143228947394449,96229,8,2
"[1, 1, 0, 1, 0, 0, 0, 0, 0, 0]",9.550714766853668,2.4347343253924163,6.497417179143923,1.3694660038226594,23655,3,7
"[1, 1, 0, 1, 0, 0, 0, 0, 0, 1]",9.611618834999359,2.7953617538433417,6.4771842752995825,1.2622359021489309,57285,4,6
"[1, 1, 0, 1, 0, 0, 0, 0, 1, 0]",9.65848427935991,2.686923032808407,6.659238558733599,1.2230161588685875,18769,4,6
"[1, 1, 0, 1, 0, 0, 0, 0, 1, 1]",9.461361642763803,2.9726119522725223,6.432340297268405,1.2475487112576564,84152,5,5
"[1, 1, 0, 1, 0, 0, 0, 1, 0, 0]",8.954936409562016,3.0621655148026803,6.340656028316085,1.3184653684855459,65942,4,6
"[1, 1, 0, 1, 0, 0, 0, 1, 0, 1]",9.2664675367757,3.041795212068871,6.45864427931022,0.9478771769171743,24106,5,5
"[1, 1, 0, 1, 0, 0, 0, 1, 1, 0]",9.465173448372177,2.3681673029377803,6.4355062962137675,1.3646954453917104,56467,5,5
"[1, 1, 0, 1, 0, 0, 0, 1, 1, 1]",9.217766013772497,2.9341797128943967,6.27643372029179,1.1525651972604054,32972,6,4
"[1, 1, 0, 1, 0, 0, 1, 0, 0, 0]",9.958388763855881,2.7953087135271795,6.613047069114402,1.2762073884623428,88141,4,6
"[1, 1, 0, 1, 0, 0, 1, 0, 0, 1]",9.824852259284267,3.023116765219514,6.437954583480976,1.351047404747686,55984,5,5
"[1, 1, 0, 1, 0, 0, 1, 0, 1, 0]",8.72971641673132,3.392017678954315,6.099043537432841,1.2175952993624573,43306,5,5
"[1, 1, 0, 1, 0, 0, 1, 0, 1, 1]",9.394642232657114,3.482362726753044,6.4163162386396655,1.1786731670283597,25615,6,4
"[1, 1, 0, 1, 0, 0, 1, 1, 0, 0]",8.852190344706951,3.2644857988846683,6.238445892193725,1.2741568943522807,41824,5,5
"[1, 1, 0, 1, 0, 0, 1, 1, 0, 1]",8.424136288655264,4.051850457424955,6.537688153136463,1.405719007174929,40568,6,4
"[1, 1, 0, 1, 0, 0, 1, 1, 1, 0]",8.641304884805345,3.5999199316166104,6.484567413920615,1.1609130379721175,54589,6,4
"[1, 1, 0, 1, 0, 0, 1, 1, 1, 1]",8.850268567302255,4.232733548595004,6.5367273478967585,1.1997082394209924,60597,7,3
"[1, 1, 0, 1, 0, 1, 0, 0, 0, 0]",9.719591641436237,2.5841913152591873,6.452121200703021,1.0395952669858348,87392,4,6
"[1, 1, 0, 1, 0, 1, 0, 0, 0, 1]",9.215630845390635,3.5254307213688567,6.478077153930405,1.423309398748457,49512,5,5
"[1, 1, 0, 1, 0, 1, 0, 0, 1, 0]",8.997781341263716,2.6477940940042504,6.220709441615356,1.267429726484259,71400,5,5
"[1, 1, 0, 1, 0, 1, 0, 0, 1, 1]",9.303071138137295,3.480787531191452,6.6771111516502035,1.3855785138147811,21484,6,4
"[1, 1, 0, 1, 0, 1, 0, 1, 0, 0]",8.662108287538587,3.5018188864253457,6.249371226617797,1.4003953798847741,64701,5,5
"[1, 1, 0, 1, 0, 1, 0, 1, 0, 1]",8.70250332673138,3.7065488096923693,6.577046414660263,1.363115065025787,60173,6,4
"[1, 1, 0, 1, 0, 1, 0, 1, 1, 0]",8.399795469296226,3.6132168332749606,6.487601082082955,1.245914748807085,71748,6,4
"[1, 1, 0, 1, 0, 1, 0, 1, 1, 1]",7.866248123574025,4.076883867996092,6.262339313715046,1.2139007945630453,94594,7,3
"[1, 1, 0, 1, 0, 1, 1, 0, 0, 0]",9.828891435892093,2.793619394432722,6.551443785124784,1.2859590643131356,45988,5,5
"[1, 1, 0, 1, 0, 1, 1, 0, 0, 1]",9.050207530074381,3.767600075703015,6.417986289123847,1.1568270450161515,38002,6,4
"[1, 1, 0, 1, 0, 1, 1, 0, 1, 0]",9.693934051920502,2.9809095639928005,6.466581530727821,1.2746254158523296,23948,6,4
"[1, 1, 0, 1, 0, 1, 1, 0, 1, 1]",8.303979191841306,4.338056824701019,6.65961977029658,1.3091552856100814,13008,7,3
"[1, 1, 0, 1, 0, 1, 1, 1, 0, 0]",8.834697070372068,3.6615522110668315,6.327000755277911,1.1760081864672454,27112,6,4
"[1, 1, 0, 1, 0, 1, 1, 1, 0, 1]",8.205657660657646,3.4147107513646717,6.195703097981723,1.3940461903726895,80250,7,3
"[1, 1, 0, 1, 0, 1, 1, 1, 1, 0]",8.561186389213423,3.7622100518123918,6.3099650912207474,1.1019249314729787,95431,7,3
"[1, 1, 0, 1, 0, 1, 1, 1, 1, 1]",6.794360028493024,5.0798335943290045,6.518497000304408,1.3696510262914816,9333,8,2
"[1, 1, 0, 1, 1, 0, 0, 0, 0, 0]",9.881227565736923,2.3730908704451448,6.62277167750677,1.1962570571406954,8060,4,6
"[1, 1, 0, 1, 1, 0, 0, 0, 0, 1]",9.59626389651477,2.876427025247776,6.592237399959138,1.1639864333518661,43166,5,5
"[1, 1, 0, 1, 1, 0, 0, 0, 1, 0]",8.970495419255279,3.241934336793114,6.296759521733484,1.0754343841895366,41005,5,5
"[1, 1, 0, 1, 1, 0, 0, 0, 1, 1]",8.589672343231717,3.19003961342931,6.346726843331855,1.306191958551757,98670,6,4
"[1, 1, 0, 1, 1, 0, 0, 1, 0, 0]",8.81190873580653,2.3454007029683,6.33874612789333,1.1836534733165478,91427,5,5
"[1, 1, 0, 1, 1, 0, 0, 1, 0, 1]",9.578929477822197,2.935779735258404,6.627825658864008,1.1300683089354744,73846,6,4
"[1, 1, 0, 1, 1, 0, 0, 1, 1, 0]",9.407381985254341,3.5358469270389374,6.648012670970804,1.2177948538845973,59139,6,4
"[1, 1, 0, 1, 1, 0, 0, 1, 1, 1]",8.115823356460488,4.429633743662194,6.420775254447453,1.117159647038761,13894,7,3
"[1, 1, 0, 1, 1, 0, 1, 0, 0, 0]",9.687875690499286,2.845860261481972,6.237931040699904,1.2212115089471502,19176,5,5
"[1, 1, 0, 1, 1, 0, 1, 0, 0, 1]",9.239137475181531,3.9717509132616495,6.27511824986902,1.1683750990064024,86765,6,4
"[1, 1, 0, 1, 1, 0, 1, 0, 1, 0]",9.338016742885461,3.4665224280768925,6.664910193798993,1.1624163142804664,95773,6,4
"[1, 1, 0, 1, 1, 0, 1, 0, 1, 1]",8.062869439096291,3.8113450725437774,6.438229763401774,1.1640699728625727,71596,7,3
"[1, 1, 0, 1, 1, 0, 1, 1, 0, 0]",8.394803036709153,3.669255832094224,6.4656985245091505,1.381961964779522,78067,6,4
"[1, 1, 0, 1, 1, 0, 1, 1, 0, 1]",8.379390343278208,4.167427341131946,6.416368038918119,1.35469342364671,34049,7,3
"[1, 1, 0, 1, 1, 0, 1, 1, 1, 0]",8.40273609651977,4.126919974229789,6.57834600799479,1.190766967257341,68353,7,3
"[1, 1, 0, 1, 1, 0, 1, 1, 1, 1]",6.888610436996096,5.076817600271871,6.280692098926932,1.1664689600028233,30785,8,2
"[1, 1, 0, 1, 1, 1, 0, 0, 0, 0]",9.251146036712944,3.140848842027171,6.470241220379636,1.2933371584317783,39995,5,5
"[1, 1, 0, 1, 1, 1, 0, 0, 0, 1]",9.214264924898488,3.182229589298656,6.751416131177199,1.2614042920253898,23524,6,4
"[1, 1, 0, 1, 1, 1, 0, 0, 1, 0]",9.073903851811425,3.114933634571713,6.473707487271375,1.181842845235277,58990,6,4
"[1, 1, 0, 1, 1, 1, 0, 0, 1, 1]",7.567146635234779,4.434020144742645,6.535822080886151,1.0428225605221377,47554,7,3
"[1, 1, 0, 1, 1, 1, 0, 1, 0, 0]",9.155059045350743,3.444781543633281,6.435632164293322,1.2664944704691214,41814,6,4
"[1, 1, 0, 1, 1, 1, 0, 1, 0, 1]",8.315121378501953,4.444135648667221,6.526656603800083,1.30508142587569,4483,7,3
"[1, 1, 0, 1, 1, 1, 0, 1, 1, 0]",8.460223127497912,4.3976053747205315,6.4828514102705945,1.159618227282268,26627,7,3
"[1, 1, 0, 1, 1, 1, 0, 1, 1, 1]",6.912675144669229,4.7843269848182,6.504972773691016,1.3485647432820898,35627,8,2
"[1, 1, 0, 1, 1, 1, 1, 0, 0, 0]",9.983175221693832,3.4704848483154715,6.598066308750007,1.187654627232872,47318,6,4
"[1, 1, 0, 1, 1, 1, 1, 0, 0, 1]",8.798025668116937,4.042309493346189,6.3594988324410835,1.3707537255735776,65630,7,3
"[1, 1, 0, 1, 1, 1, 1, 0, 1, 0]",7.43023120078425,4.572408484144411,6.210737233236511,1.3093524563638081,50625,7,3
"[1, 1, 0, 1, 1, 1, 1, 0, 1, 1]",6.855392732990616,4.668676899757916,6.342542227891198,1.4322190769954464,81588,8,2
"[1, 1, 0, 1, 1, 1, 1, 1, 0, 0]",7.963045380676839,4.0614547656866495,6.5574705850526405,1.3122362978325441,35147,7,3
"[1, 1, 0, 1, 1, 1, 1, 1, 0, 1]",6.825846597652665,4.504611798694956,6.48572079782472,1.293290140329219,95053,8,2
"[1, 1, 0, 1, 1, 1, 1, 1, 1, 0]",6.894571620716565,4.708809616933295,6.55836661546407,1.115899206188513,33679,8,2
"[1, 1, 0, 1, 1, 1, 1, 1, 1, 1]",3.7844651526832185,4.964443603771337,6.3592253155450535,1.2333013775226351,87357,9,1
"[1, 1, 1, 0, 0, 0, 0, 0, 0, 0]",9.612417388177905,1.9966772829797805,6.358828902693607,1.2595436427424056,56631,3,7
"[1, 1, 1, 0, 0, 0, 0, 0, 0, 1]",9.338306617001084,3.0002259654648027,6.460074841939678,1.3098164067087603,7275,4,6
"[1, 1, 1, 0, 0, 0, 0, 0, 1, 0]",9.675788698210562,2.501516397110001,6.445416393586976,1.1909722638383013,22649,4,6
"[1, 1, 1, 0, 0, 0, 0, 0, 1, 1]",9.562147114385414,3.0069217246979805,6.593639839300263,1.3163480329474264,6689,5,5
"[1, 1, 1, 0, 0, 0, 0, 1, 0, 0]",9.881499372631355,2.9077661607345804,6.467028984953698,1.1132757312858867,26512,4,6
"[1, 1, 1, 0, 0, 0, 0, 1, 0, 1]",9.93864016563997,3.0347854013692492,6.454668457576901,1.4206560984597245,10583,5,5
"[1, 1, 1, 0, 0, 0, 0, 1, 1, 0]",9.097754622046816,3.133449754552053,6.2577674843095705,1.2914147176439528,25830,5,5
"[1, 1, 1, 0, 0, 0, 0, 1, 1, 1]",9.331006434884403,3.223148769471515,6.3477679894289585,1.303911418339658,48400,6,4
"[1, 1, 1, 0, 0, 0, 1, 0, 0, 0]",9.108197755845524,2.876308703667859,6.242199860553036,1.0951056445409086,53782,4,6
"[1, 1, 1, 0, 0, 0, 1, 0, 0, 1]",9.197443533560202,3.3815511059968486,6.576103979904893,1.1686740165966176,86723,5,5
"[1, 1, 1, 0, 0, 0, 1, 0, 1, 0]",9.316318488715721,2.853541236833166,6.216544622535156,1.1129627834797047,5166,5,5
"[1, 1, 1, 0, 0, 0, 1, 0, 1, 1]",9.141187721784753,3.337426878225305,6.3902948178960735,1.3526444158005841,43582,6,4
"[1, 1, 1, 0, 0, 0, 1, 1, 0, 0]",9.607060744257591,2.8305305268873044,6.642527001797241,1.2661105138272366,46538,5,5
"[1, 1, 1, 0, 0, 0, 1, 1, 0, 1]",9.355624171102017,3.348397716948394,6.525220811917968,1.2335123893859752,96687,6,4
"[1, 1, 1, 0, 0, 0, 1, 1, 1, 0]",8.967332182307354,3.580467383239293,6.501138483085367,1.2885551412047396,26618,6,4
"[1, 1, 1, 0, 0, 0, 1, 1, 1, 1]",8.012864557629847,4.028807948244647,6.571468831156296,1.308486476594998,79070,7,3
"[1, 1, 1, 0, 0, 1, 0, 0, 0, 0]",9.736995166919957,2.6539751966073535,6.509906518582053,1.2728994631665975,60046,4,6
"[1, 1, 1, 0, 0, 1, 0, 0, 0, 1]",9.149804138228472,3.000635919702575,6.285148022245907,1.2295841928520945,1037,5,5
"[1, 1, 1, 0, 0, 1, 0, 0, 1, 0]",10.292630795453697,2.7323479091017084,6.536132964483069,1.2807906484690128,31187,5,5
"[1, 1, 1, 0, 0, 1, 0, 0, 1, 1]",8.739693164866997,4.019038779267059,6.452600665802408,1.2179169889959083,84555,6,4
"[1, 1, 1, 0, 0, 1, 0, 1, 0, 0]",9.627557630894474,2.7541133345393316,6.54370673785497,1.255932081518601,1233,5,5
"[1, 1, 1, 0, 0, 1, 0, 1, 0, 1]",9.266290288052199,3.7246811741125536,6.715836974331841,1.2432245918237712,73968,6,4
"[1, 1, 1, 0, 0, 1, 0, 1, 1, 0]",8.785213806902002,3.474208613616279,6.342710417429624,1.1701048361208937,19210,6,4
"[1, 1, 1, 0, 0, 1, 0, 1, 1, 1]",8.822088268041268,4.893822828621497,6.739639090511669,1.2606978815697911,26395,7,3
"[1, 1, 1, 0, 0, 1, 1, 0, 0, 0]",10.094151774223764,2.65204627249847,6.662725615672357,1.2525186631466767,71899,5,5
"[1, 1, 1, 0, 0, 1, 1, 0, 0, 1]",9.254720676293577,3.541726632108892,6.5665432587223656,1.2617515690156542,34367,6,4
"[1, 1, 1, 0, 0, 1, 1, 0, 1, 0]",9.055854216002267,3.894464874883493,6.625156569654689,1.2755754915781838,69678,6,4
"[1, 1, 1, 0, 0, 1, 1, 0, 1, 1]",8.080116397951373,4.288975814250431,6.494019877395424,1.3144603421993453,16602,7,3
"[1, 1, 1, 0, 0, 1, 1, 1, 0, 0]",8.863504938989923,3.135019903132706,6.514629994505671,1.1864754345422608,74685,6,4
"[1, 1, 1, 0, 0, 1, 1, 1, 0, 1]",8.213306065042385,4.084323679645464,6.2171069444619524,1.230714566028359,9330,7,3
"[1, 1, 1, 0, 0, 1, 1, 1, 1, 0]",8.311386012951141,4.3836027548211565,6.373431965117117,1.2611712396066173,66417,7,3
"[1, 1, 1, 0, 0, 1, 1, 1, 1, 1]",6.223075986100943,5.0711291236614855,6.514426881334469,1.389241235196919,12172,8,2
"[1, 1, 1, 0, 1, 0, 0, 0, 0, 0]",9.463193489257664,2.428977290100586,6.436896010867943,1.205778698134082,83862,4,6
"[1, 1, 1, 0, 1, 0, 0, 0, 0, 1]",9.366544496182637,3.1654487758974064,6.5556295807281435,1.3019189455280078,68273,5,5
"[1, 1, 1, 0, 1, 0, 0, 0, 1, 0]",9.599187952696946,2.749479835053755,6.580071407663195,1.3178942403199934,33035,5,5
"[1, 1, 1, 0, 1, 0, 0, 0, 1, 1]",9.118597966616726,3.8276320997217836,6.539451761269711,1.3064282070559319,50148,6,4
"[1, 1, 1, 0, 1, 0, 0, 1, 0, 0]",9.112600973115349,3.0074290285036476,6.238123425050442,1.325359413629811,21595,5,5
"[1, 1, 1, 0, 1, 0, 0, 1, 0, 1]",8.808353221137054,3.881442498769952,6.536349797012336,1.2509292856029246,90995,6,4
"[1, 1, 1, 0, 1, 0, 0, 1, 1, 0]",9.421650014597963,3.059168583587528,6.460229854043083,1.3470713511384234,98744,6,4
"[1, 1, 1, 0, 1, 0, 0, 1, 1, 1]",7.856345038282867,4.156165163979472,6.474811084813414,1.2669081282753745,47884,7,3
"[1, 1, 1, 0, 1, 0, 1, 0, 0, 0]",9.25340511867352,2.764530056563088,6.378474376315606,1.3228944156280402,26182,5,5
"[1, 1, 1, 0, 1, 0, 1, 0, 0, 1]",9.346267306447764,3.850885951461746,6.557148595690767,1.1881746721293962,79511,6,4
"[1, 1, 1, 0, 1, 0, 1, 0, 1, 0]",9.443672129630649,3.6343186349242402,6.652023196104661,1.2198455928972487,88760,6,4
"[1, 1, 1, 0, 1, 0, 1, 0, 1, 1]",9.069807015014707,4.244222315676356,6.44288192054751,1.269239077131419,44600,7,3
"[1, 1, 1, 0, 1, 0, 1, 1, 0, 0]",9.159823667324043,4.257478905904792,6.593645814060783,1.4309137552159605,10173,6,4
"[1, 1, 1, 0, 1, 0, 1, 1, 0, 1]",7.8349156295839775,4.68845024503661,6.446884881062078,1.1516193932105054,63978,7,3
"[1, 1, 1, 0, 1, 0, 1, 1, 1, 0]",8.192748885525155,4.476816470087897,6.4759016628464545,1.2375350682711934,85210,7,3
"[1, 1, 1, 0, 1, 0, 1, 1, 1, 1]",7.524085737221591,4.906973138503678,6.707552221198781,1.1922804057834278,27490,8,2
"[1, 1, 1, 0, 1, 1, 0, 0, 0, 0]",9.85264997569308,2.4440948251444037,6.46617138770752,1.159502854027199,62899,5,5
"[1, 1, 1, 0, 1, 1, 0, 0, 0, 1]",8.478441712874726,3.4541075544867645,6.2579068326944105,1.132721987518572,15229,6,4
"[1, 1, 1, 0, 1, 1, 0, 0, 1, 0]",9.293219954532066,2.941826753971922,6.308803426981201,1.1577750874543264,1167,6,4
"[1, 1, 1, 0, 1, 1, 0, 0, 1, 1]",8.511543075013899,4.000419809569877,6.425808518279862,1.1670025335193803,81128,7,3
"[1, 1, 1, 0, 1, 1, 0, 1, 0, 0]",9.238268247276938,3.3601230788885665,6.541298505608105,1.3569260716859968,74554,6,4
"[1, 1, 1, 0, 1, 1, 0, 1, 0, 1]",8.066331133579931,4.424519678687279,6.5002182992076385,1.146858230491654,36403,7,3
"[1, 1, 1, 0, 1, 1, 0, 1, 1, 0]",7.910688641102573,4.5702699343437,6.4706134403160345,1.2807385641132691,69593,7,3
"[1, 1, 1, 0, 1, 1, 0, 1, 1, 1]",6.946733882236191,5.126500467346787,6.427460608403159,1.1094876573459729,64191,8,2
"[1, 1, 1, 0, 1, 1, 1, 0, 0, 0]",9.331158767421382,3.474345242718371,6.317192091801728,1.175027984229997,98283,6,4
"[1, 1, 1, 0, 1, 1, 1, 0, 0, 1]",8.447648740726125,4.23593349533503,6.531508559155466,1.4170028655259201,13887,7,3
"[1, 1, 1, 0, 1, 1, 1, 0, 1, 0]",8.66167829205993,4.1694194346077325,6.374972865522383,1.3216290049607375,7266,7,3
"[1, 1, 1, 0, 1, 1, 1, 0, 1, 1]",6.783845148223063,5.149326040929049,6.381340056201914,1.1816311734351863,54858,8,2
"[1, 1, 1, 0, 1, 1, 1, 1, 0, 0]",8.863312227607071,3.9327733217556355,6.405689630073598,1.5066438052175481,81129,7,3
"[1, 1, 1, 0, 1, 1, 1, 1, 0, 1]",7.3421434569303266,4.702318869871035,6.437817261746362,1.2432782657876997,98529,8,2
"[1, 1, 1, 0, 1, 1, 1, 1, 1, 0]",7.653440761783731,5.399383550346303,6.291031721035719,1.0380860194798327,78754,8,2
"[1, 1, 1, 0, 1, 1, 1, 1, 1, 1]",4.641159474880232,5.14238536793347,6.323651831995201,1.2415347411861977,56964,9,1
"[1, 1, 1, 1, 0, 0, 0, 0, 0, 0]",9.535524042602482,2.3869956033550093,6.4142731623043225,1.2967212974029798,82608,4,6
"[1, 1, 1, 1, 0, 0, 0, 0, 0, 1]",9.31227405857914,3.2224719742604724,6.222226277709935,1.290223077691231,20787,5,5
"[1, 1, 1, 1, 0, 0, 0, 0, 1, 0]",9.771524528919898,3.6036188583958615,6.641688431375752,1.305480667940055,40233,5,5
"[1, 1, 1, 1, 0, 0, 0, 0, 1, 1]",9.258121838921692,2.914440907548249,6.1446616245609516,1.234366425350963,38129,6,4
"[1, 1, 1, 1, 0, 0, 0, 1, 0, 0]",9.783713906700278,3.047466840675075,6.507841819251042,1.277544702498928,29373,5,5
"[1, 1, 1, 1, 0, 0, 0, 1, 0, 1]",9.05896309859567,3.630192003602031,6.395499637510188,1.4797846252191293,57444,6,4
"[1, 1, 1, 1, 0, 0, 0, 1, 1, 0]",8.94630440103287,3.560935180786194,6.44322253330254,1.2765281422419525,71373,6,4
"[1, 1, 1, 1, 0, 0, 0, 1, 1, 1]",8.224666275288978,4.35044976879278,6.447546867152969,1.1893605773207119,71528,7,3
"[1, 1, 1, 1, 0, 0, 1, 0, 0, 0]",9.195520729866326,3.6704647195140834,6.492020201060011,1.267294957090155,25594,5,5
"[1, 1, 1, 1, 0, 0, 1, 0, 0, 1]",8.472916075469673,3.4336168662986917,6.248778730601705,1.0802344382835516,94870,6,4
"[1, 1, 1, 1, 0, 0, 1, 0, 1, 0]",9.030179561079347,3.1731246925551893,6.267720491509957,1.18479435588827,36837,6,4
"[1, 1, 1, 1, 0, 0, 1, 0, 1, 1]",8.274466340984588,4.291590432455984,6.322112288463187,1.274790908163964,73299,7,3
"[1, 1, 1, 1, 0, 0, 1, 1, 0, 0]",8.990070820193942,3.803340228732177,6.410875745398181,1.1553159817834335,73308,6,4
"[1, 1, 1, 1, 0, 0, 1, 1, 0, 1]",8.198515018166388,4.185729317200798,6.375521528322862,1.2761889960273853,62466,7,3
"[1, 1, 1, 1, 0, 0, 1, 1, 1, 0]",7.9108397835568205,4.192322735699719,6.418688862393628,1.1282993250680549,72825,7,3
"[1, 1, 1, 1, 0, 0, 1, 1, 1, 1]",6.860228096687357,5.0842535081093665,6.355667727633056,1.2739456117782662,90410,8,2
"[1, 1, 1, 1, 0, 1, 0, 0, 0, 0]",8.865475859400329,3.0791105741506555,6.3924223226975085,1.1983926210253442,57833,5,5
"[1, 1, 1, 1, 0, 1, 0, 0, 0, 1]",8.840189341865342,3.503359910226411,6.426954053892883,1.2220202686643413,54446,6,4
"[1, 1, 1, 1, 0, 1, 0, 0, 1, 0]",9.43637253669879,3.4055277241113493,6.559727007603228,1.2360699976488405,14380,6,4
"[1, 1, 1, 1, 0, 1, 0, 0, 1, 1]",8.484693653316072,4.320289590826343,6.624836155090637,1.2428739334385062,59728,7,3
"[1, 1, 1, 1, 0, 1, 0, 1, 0, 0]",9.53858585927418,3.446167482380988,6.490538335430198,1.1673889336888608,17920,6,4
"[1, 1, 1, 1, 0, 1, 0, 1, 0, 1]",7.930849167598551,4.1290573967906665,6.22642835928468,1.3039243223147392,17842,7,3
"[1, 1, 1, 1, 0, 1, 0, 1, 1, 0]",8.641746330787516,3.401737638676639,6.386149795091561,1.1565580403550804,8771,7,3
"[1, 1, 1, 1, 0, 1, 0, 1, 1, 1]",7.266757491675391,4.68198240456922,6.391845576826671,1.2277763461022946,95558,8,2
"[1, 1, 1, 1, 0, 1, 1, 0, 0, 0]",8.916835719112159,3.7642612217096754,6.486403112679969,1.3129133455329158,40808,6,4
"[1, 1, 1, 1, 0, 1, 1, 0, 0, 1]",8.293757288676945,3.939009679781672,6.38914968555983,1.171908202473984,94009,7,3
"[1, 1, 1, 1, 0, 1, 1, 0, 1, 0]",8.240731204776724,4.297645431657112,6.5981336385276235,1.1732247099402326,67454,7,3
"[1, 1, 1, 1, 0, 1, 1, 0, 1, 1]",6.024702356273956,5.0000542012495615,6.379740494611029,1.235214675947672,87649,8,2
"[1, 1, 1, 1, 0, 1, 1, 1, 0, 0]",8.158069814613572,3.728888427426673,6.386854261989482,1.3078086111815097,52140,7,3
"[1, 1, 1, 1, 0, 1, 1, 1, 0, 1]",6.2938158538252935,5.095283638922776,6.598436358282409,1.275692180272823,23784,8,2
"[1, 1, 1, 1, 0, 1, 1, 1, 1, 0]",8.048778185080401,4.8705085646736865,6.370855251522722,1.2928263666948656,90614,8,2
"[1, 1, 1, 1, 0, 1, 1, 1, 1, 1]",4.729910378872596,5.121584808061801,6.505932990136866,1.242724891186914,3367,9,1
"[1, 1, 1, 1, 1, 0, 0, 0, 0, 0]",9.189849648693937,2.9867969491202597,6.45425125876667,1.2736577842903682,84856,5,5
"[1, 1, 1, 1, 1, 0, 0, 0, 0, 1]",8.77703680663115,4.304384660040643,6.437322550113812,1.3637609974868636,20190,6,4
"[1, 1, 1, 1, 1, 0, 0, 0, 1, 0]",8.777135455057874,3.9089884269611255,6.448154189319124,1.2372125740339046,8889,6,4
"[1, 1, 1, 1, 1, 0, 0, 0, 1, 1]",8.557133457307074,4.260494801352882,6.550181822307926,1.1548055968408182,37731,7,3
"[1, 1, 1, 1, 1, 0, 0, 1, 0, 0]",8.212235180241109,3.8998497285133693,6.232523020552511,1.3501770239371225,45293,6,4
"[1, 1, 1, 1, 1, 0, 0, 1, 0, 1]",8.052776585989236,4.326278491857327,6.360762840167187,1.2990405512907077,17237,7,3
"[1, 1, 1, 1, 1, 0, 0, 1, 1, 0]",7.980031207309489,4.554536112891456,6.350967538915548,1.3181206687370135,21250,7,3
"[1, 1, 1, 1, 1, 0, 0, 1, 1, 1]",6.695299572021985,5.357884022882091,6.420553540630271,1.2889915748319898,18562,8,2
"[1, 1, 1, 1, 1, 0, 1, 0, 0, 0]",8.772571708840532,3.911985745526822,6.432029993168359,1.219031512961576,59851,6,4
"[1, 1, 1, 1, 1, 0, 1, 0, 0, 1]",8.307452099309376,4.821108460992666,6.550804752603718,1.2622116128610736,20671,7,3
"[1, 1, 1, 1, 1, 0, 1, 0, 1, 0]",8.444523583560205,4.3417398599501285,6.4547840573501825,1.2791441021455605,15906,7,3
"[1, 1, 1, 1, 1, 0, 1, 0, 1, 1]",7.145430791759271,5.101693896064465,6.299763918596276,1.3010568928373907,82616,8,2
"[1, 1, 1, 1, 1, 0, 1, 1, 0, 0]",8.138398901488278,4.0442694692118275,6.224558130390976,1.3139819955121683,79429,7,3
"[1, 1, 1, 1, 1, 0, 1, 1, 0, 1]",6.797147458148377,4.853251125065039,6.319175935724612,1.2121257953568276,68746,8,2
"[1, 1, 1, 1, 1, 0, 1, 1, 1, 0]",6.302370734662251,4.879964523021863,6.304239665474132,1.2541157612113614,37916,8,2
"[1, 1, 1, 1, 1, 0, 1, 1, 1, 1]",5.245192134033025,5.404318695013579,6.5890645735671205,1.2751037917028991,66318,9,1
"[1, 1, 1, 1, 1, 1, 0, 0, 0, 0]",9.036114000219586,3.171318214543117,6.394342317826475,1.0918553005655214,4514,6,4
"[1, 1, 1, 1, 1, 1, 0, 0, 0, 1]",8.827769550901099,3.955564585497123,6.447265048315423,1.0849862597880855,23170,7,3
"[1, 1, 1, 1, 1, 1, 0, 0, 1, 0]",8.629763250408578,4.200109142522612,6.599378037815399,1.3162610098895346,4073,7,3
"[1, 1, 1, 1, 1, 1, 0, 0, 1, 1]",5.828054969768227,5.150183739043187,6.233829429231289,1.318716611955297,97685,8,2
"[1, 1, 1, 1, 1, 1, 0, 1, 0, 0]",7.779281775544671,4.546754022083781,6.32035584856166,1.312719223631606,81350,7,3
"[1, 1, 1, 1, 1, 1, 0, 1, 0, 1]",6.985099898153876,4.944075239266203,6.397961924459554,1.0627585853198522,61403,8,2
"[1, 1, 1, 1, 1, 1, 0, 1, 1, 0]",6.374442007694349,4.611758984477825,6.42327744226667,1.2932784334045135,39881,8,2
"[1, 1, 1, 1, 1, 1, 0, 1, 1, 1]",3.7497665272645504,5.468912613094057,6.365706100443152,1.3304205909489362,74265,9,1
"[1, 1, 1, 1, 1, 1, 1, 0, 0, 0]",8.031701363269615,4.493866583988249,6.344834827124368,1.2453601160733707,86086,7,3
"[1, 1, 1, 1, 1, 1, 1, 0, 0, 1]",6.071292168096593,4.927527039272682,6.443656209939912,1.134137749284393,76772,8,2
"[1, 1, 1, 1, 1, 1, 1, 0, 1, 0]",7.971076524663318,4.9431536264963825,6.299204358672602,1.23701677373097,5467,8,2
"[1, 1, 1, 1, 1, 1, 1, 0, 1, 1]",4.069722062653449,4.894517338060017,6.475171042378835,1.2366392200431622,83699,9,1
"[1, 1, 1, 1, 1, 1, 1, 1, 0, 0]",7.015686187029271,4.780570402202189,6.456569573515751,1.1400439545866072,13781,8,2
"[1, 1, 1, 1, 1, 1, 1, 1, 0, 1]",5.082082816540231,5.319829242193826,6.457852628783007,1.1323604070832938,82685,9,1
"[1, 1, 1, 1, 1, 1, 1, 1, 1, 0]",3.603963034514677,5.09999457271921,6.512533875052461,1.2054581403182552,60615,9,1
"[1, 1, 1, 1, 1, 1, 1, 1, 1, 1]",0.0,0.0,6.442300832085541,1.0938571332781748,72179,10,0
"[1, 0, 0, 0, 0, 0, 0, 0, 0, 0]",10.093419092435285,1.8876957495520585,6.584488325084077,1.0378245788274068,61374,1,9
"[1, 0, 0, 0, 0, 0, 0, 0, 0, 1]",9.689696051371886,2.2589161950647068,6.388813924489662,1.2596765487347694,28043,2,8
"[1, 0, 0, 0, 0, 0, 0, 0, 1, 0]",9.937286402290212,2.1221132366412854,6.630207852577022,1.1875299109383946,86627,2,8
"[1, 0, 0, 0, 0, 0, 0, 0, 1, 1]",9.369614490211541,2.224380181902432,6.25939359451268,1.1725497942054646,26956,3,7
"[1, 0, 0, 0, 0, 0, 0, 1, 0, 0]",9.897933142895187,2.07494700031838,6.549683123112772,1.3581194348151495,41602,2,8
"[1, 0, 0, 0, 0, 0, 0, 1, 0, 1]",9.02434458158587,2.378455245775745,6.2748350462029405,1.2798163605801887,50117,3,7
"[1, 0, 0, 0, 0, 0, 0, 1, 1, 0]",9.913415331902145,2.043285964091075,6.633678478316779,1.1871725858504039,71913,3,7
"[1, 0, 0, 0, 0, 0, 0, 1, 1, 1]",9.46332619684401,2.8805666673651826,6.237797695781328,1.2335606091550897,53956,4,6
"[1, 0, 0, 0, 0, 0, 1, 0, 0, 0]",9.259531770139082,2.596569312259142,6.283710085693056,1.4186124471176158,88785,2,8
"[1, 0, 0, 0, 0, 0, 1, 0, 0, 1]",9.78857479763407,2.3755805531276186,6.5888254032939395,1.1419532627134361,75408,3,7
"[1, 0, 0, 0, 0, 0, 1, 0, 1, 0]",9.527770194853264,2.4213480084151957,6.336040951880761,1.1990343643504076,47659,3,7
"[1, 0, 0, 0, 0, 0, 1, 0, 1, 1]",9.40147680732652,2.6430570112546015,6.423110370741645,1.269666345120594,24547,4,6
"[1, 0, 0, 0, 0, 0, 1, 1, 0, 0]",9.671492423957092,2.458976648087276,6.54707541334761,1.2424389474918889,9716,3,7
"[1, 0, 0, 0, 0, 0, 1, 1, 0, 1]",9.334981467282299,2.509004546782741,6.227960492033542,1.111786850429333,75866,4,6
"[1, 0, 0, 0, 0, 0, 1, 1, 1, 0]",9.278658427851179,2.84372281907803,6.429823467530554,1.3219346713581965,11701,4,6
"[1, 0, 0, 0, 0, 0, 1, 1, 1, 1]",9.514825242783493,2.771331465451554,6.709323245365072,1.3056193400247522,56001,5,5
"[1, 0, 0, 0, 0, 1, 0, 0, 0, 0]",9.496350894795691,1.6953687118276892,6.326999497813943,1.179359537691155,17585,2,8
"[1, 0, 0, 0, 0, 1, 0, 0, 0, 1]",9.51269730515992,2.3320062408510935,6.43922619563438,1.3198566072462443,55639,3,7
"[1, 0, 0, 0, 0, 1, 0, 0, 1, 0]",9.835878205992374,2.5948980179903156,6.430173839253614,1.2376955174343107,96586,3,7
"[1, 0, 0, 0, 0, 1, 0, 0, 1, 1]",9.037744173037236,2.695809955252911,6.21798586733167,1.2466573672887264,18328,4,6
"[1, 0, 0, 0, 0, 1, 0, 1, 0, 0]",9.739295645246019,2.8813794250387663,6.6747674863110875,1.379084354591722,37049,3,7
"[1, 0, 0, 0, 0, 1, 0, 1, 0, 1]",9.381526914996737,2.318253567762947,6.437705558423041,1.219069515368735,23774,4,6
"[1, 0, 0, 0, 0, 1, 0, 1, 1, 0]",9.20314244781849,3.256232092168211,6.335707716207213,1.2042177040744462,46638,4,6
"[1, 0, 0, 0, 0, 1, 0, 1, 1, 1]",9.101138185104338,3.2261476653456485,6.226880464486971,1.3048097992684877,28089,5,5
"[1, 0, 0, 0, 0, 1, 1, 0, 0, 0]",9.22963222146642,2.251074596189376,6.138132148354376,1.244156547810251,29522,3,7
"[1, 0, 0, 0, 0, 1, 1, 0, 0, 1]",9.363346940655587,3.020399586263759,6.5732690604930974,1.3082253620637139,77418,4,6
"[1, 0, 0, 0, 0, 1, 1, 0, 1, 0]",9.68338351167271,3.0007890707580014,6.628685916323097,1.1217861594791765,97775,4,6
"[1, 0, 0, 0, 0, 1, 1, 0, 1, 1]",9.596574674944002,3.2066481707009262,6.4637466950641445,1.1774210673927508,76697,5,5
"[1, 0, 0, 0, 0, 1, 1, 1, 0, 0]",9.416938750006738,2.850168107102662,6.276351846477484,1.233695285425563,41747,4,6
"[1, 0, 0, 0, 0, 1, 1, 1, 0, 1]",9.45836382219402,3.0204617579848647,6.199685140250282,1.2399573962382215,57042,5,5
"[1, 0, 0, 0, 0, 1, 1, 1, 1, 0]",9.63705632475514,2.530749114828869,6.614587148753421,1.2900110830687108,83851,5,5
"[1, 0, 0, 0, 0, 1, 1, 1, 1, 1]",8.965969653120716,3.188361925996691,6.519082205212286,1.2320205301836074,76132,6,4
"[1, 0, 0, 0, 1, 0, 0, 0, 0, 0]",9.495796851138104,2.054902845083832,6.303534605933655,1.1320421559089469,21492,2,8
"[1, 0, 0, 0, 1, 0, 0, 0, 0, 1]",9.632251382743124,2.361422128189052,6.471264982008204,1.2268053436541657,53440,3,7
"[1, 0, 0, 0, 1, 0, 0, 0, 1, 0]",9.552907756948757,2.1503030078815755,6.467484870651257,1.13833384084186,77270,3,7
"[1, 0, 0, 0, 1, 0, 0, 0, 1, 1]",8.992314966055925,2.564206745789745,6.198837854409085,1.3357668680289292,89726,4,6
"[1, 0, 0, 0, 1, 0, 0, 1, 0, 0]",9.501522421677649,2.84831168926906,6.534203979641952,1.1140976831579739,14988,3,7
"[1, 0, 0, 0, 1, 0, 0, 1, 0, 1]",9.63213872742997,2.4714339222778405,6.583400979542631,1.2628665744611447,29258,4,6
"[1, 0, 0, 0, 1, 0, 0, 1, 1, 0]",9.680688536172022,2.244303695488291,6.589168699939512,1.3152449324794742,2580,4,6
"[1, 0, 0, 0, 1, 0, 0, 1, 1, 1]",9.488993563441593,3.168194935646245,6.497946019832829,1.4508695895507533,22871,5,5
"[1, 0, 0, 0, 1, 0, 1, 0, 0, 0]",9.436164474651848,2.519838337343939,6.499580549030903,1.42583966370634,83541,3,7
"[1, 0, 0, 0, 1, 0, 1, 0, 0, 1]",9.422395385485988,3.0975081267415177,6.437936881462608,1.3447859900835184,22915,4,6
"[1, 0, 0, 0, 1, 0, 1, 0, 1, 0]",9.333039245257572,2.9479096593174625,6.488163277011932,1.2661911269777615,29249,4,6
"[1, 0, 0, 0, 1, 0, 1, 0, 1, 1]",9.34275676069679,2.8914231658092113,6.321326264084914,1.1634198654335683,39297,5,5
"[1, 0, 0, 0, 1, 0, 1, 1, 0, 0]",9.486489609473312,2.5427390813923076,6.422186494559323,1.2589794944370791,42611,4,6
"[1, 0, 0, 0, 1, 0, 1, 1, 0, 1]",9.713357918548226,3.090063025110021,6.517959297236941,1.2749481372122262,26341,5,5
"[1, 0, 0, 0, 1, 0, 1, 1, 1, 0]",8.588888096508667,3.6007988226223526,6.350524831613156,1.3316057149076073,76061,5,5
"[1, 0, 0, 0, 1, 0, 1, 1, 1, 1]",9.373547674626543,3.7106971121924657,6.588060933606908,1.1662611255947457,1300,6,4
"[1, 0, 0, 0, 1, 1, 0, 0, 0, 0]",9.234953520729876,2.7220037134954445,6.264337933662074,1.1969615176080455,37744,3,7
"[1, 0, 0, 0, 1, 1, 0, 0, 0, 1]",9.40716837182966,2.4462820887278967,6.235598140593959,1.2295142576871794,27470,4,6
"[1, 0, 0, 0, 1, 1, 0, 0, 1, 0]",8.9392355313536,2.1894844831492453,6.2329546067322665,1.3850645310091803,51170,4,6
"[1, 0, 0, 0, 1, 1, 0, 0, 1, 1]",9.126806206353757,3.251275853618441,6.544479990945904,1.1701028671682359,5337,5,5
"[1, 0, 0, 0, 1, 1, 0, 1, 0, 0]",9.261424249054834,3.42867098242599,6.437723774387266,1.257664851030157,16256,4,6
"[1, 0, 0, 0, 1, 1, 0, 1, 0, 1]",9.380684210334195,3.080752789931245,6.472983059312102,1.2356846201773048,88261,5,5
"[1, 0, 0, 0, 1, 1, 0, 1, 1, 0]",9.192847588107638,2.482859631882105,6.413631228175052,1.1497443985443037,54702,5,5
"[1, 0, 0, 0, 1, 1, 0, 1, 1, 1]",9.236122960736731,3.2228561604812387,6.441084909327489,1.2312246480797435,25896,6,4
"[1, 0, 0, 0, 1, 1, 1, 0, 0, 0]",9.675302342213252,2.7907001638373448,6.339670277916679,1.4103875319961436,4491,4,6
"[1, 0, 0, 0, 1, 1, 1, 0, 0, 1]",9.775216199496825,2.7819540947566153,6.422520546388638,1.3119073699055916,60843,5,5
"[1, 0, 0, 0, 1, 1, 1, 0, 1, 0]",8.885842656678983,3.2578233026779513,6.3194091035399,1.3372090950865396,28022,5,5
"[1, 0, 0, 0, 1, 1, 1, 0, 1, 1]",9.039289440818264,3.077723238235439,6.338691795830316,1.1713990954648754,5295,6,4
"[1, 0, 0, 0, 1, 1, 1, 1, 0, 0]",9.4222292455807,3.036075229195819,6.404593920418627,1.2828957287020546,40274,5,5
"[1, 0, 0, 0, 1, 1, 1, 1, 0, 1]",8.475015280222946,3.4605577231808735,6.316096027946515,1.0700425931298907,4240,6,4
"[1, 0, 0, 0, 1, 1, 1, 1, 1, 0]",8.590070634648733,3.601102601902577,6.507884962246104,1.2420787374422764,58859,6,4
"[1, 0, 0, 0, 1, 1, 1, 1, 1, 1]",8.673685435098786,3.9612951884627106,6.328973652435584,1.136530917518613,99098,7,3
"[1, 0, 0, 1, 0, 0, 0, 0, 0, 0]",9.98047900006667,2.259965576419012,6.572128792329348,1.2384274281998215,58312,2,8
"[1, 0, 0, 1, 0, 0, 0, 0, 0, 1]",9.71387008501247,2.243978718619747,6.4359432203008335,1.2006909671681316,87333,3,7
"[1, 0, 0, 1, 0, 0, 0, 0, 1, 0]",9.742367709771322,2.6307419095581324,6.402545027372651,1.2950177532483966,93046,3,7
"[1, 0, 0, 1, 0, 0, 0, 0, 1, 1]",9.626667946686986,2.9193896246259428,6.413310858926493,1.2117563608789317,59023,4,6
"[1, 0, 0, 1, 0, 0, 0, 1, 0, 0]",9.529717760655853,2.4142837524382217,6.448651350633515,1.3143042628224464,80526,3,7
"[1, 0, 0, 1, 0, 0, 0, 1, 0, 1]",9.71845905709239,2.4972460230140965,6.446991215534436,1.2973281267752557,52936,4,6
"[1, 0, 0, 1, 0, 0, 0, 1, 1, 0]",9.121774118449778,3.0266859679602227,6.42414800154096,1.2919131837220728,9386,4,6
"[1, 0, 0, 1, 0, 0, 0, 1, 1, 1]",9.263341782028721,2.854928041428686,6.280802440480524,1.1576579843237111,79177,5,5
"[1, 0, 0, 1, 0, 0, 1, 0, 0, 0]",10.171562855630125,2.6208353143189917,6.525810716954909,1.2547834929762298,97044,3,7
"[1, 0, 0, 1, 0, 0, 1, 0, 0, 1]",9.349090981603288,2.6853611926567047,6.311365309760175,1.322380472997442,34097,4,6
"[1, 0, 0, 1, 0, 0, 1, 0, 1, 0]",9.583073060191843,1.9790972635923096,6.420451090184123,1.0746428554994016,60066,4,6
"[1, 0, 0, 1, 0, 0, 1, 0, 1, 1]",9.026769788898413,3.404529469573466,6.382397756720202,1.2426508183559488,64520,5,5
"[1, 0, 0, 1, 0, 0, 1, 1, 0, 0]",9.28674079707882,2.5534714771122857,6.519367741658825,1.1758533580105859,57744,4,6
"[1, 0, 0, 1, 0, 0, 1, 1, 0, 1]",9.616283601069325,3.700353132851739,6.588166540100828,1.1625860156108028,93434,5,5
"[1, 0, 0, 1, 0, 0, 1, 1, 1, 0]",9.45005440155763,3.0635271854462007,6.396179483393119,1.3553466968399208,51592,5,5
"[1, 0, 0, 1, 0, 0, 1, 1, 1, 1]",8.602992035267267,3.1739862837869373,6.327842932298358,1.1348547701644418,3886,6,4
"[1, 0, 0, 1, 0, 1, 0, 0, 0, 0]",9.804821915356012,2.4439799227124115,6.515071581070654,1.260588744573024,42049,3,7
"[1, 0, 0, 1, 0, 1, 0, 0, 0, 1]",9.667564935876168,2.7467139477150617,6.436101537217388,1.1282781681323122,67710,4,6
"[1, 0, 0, 1, 0, 1, 0, 0, 1, 0]",9.192911442145562,3.0221838368161555,6.330221276938506,1.2641392481005223,23418,4,6
"[1, 0, 0, 1, 0, 1, 0, 0, 1, 1]",9.670720182506809,3.0282308488284504,6.5334111026508515,1.3547351604300204,8260,5,5
"[1, 0, 0, 1, 0, 1, 0, 1, 0, 0]",9.950766604878691,2.333336350526441,6.534843011771241,1.3722616594385626,69004,4,6
"[1, 0, 0, 1, 0, 1, 0, 1, 0, 1]",9.386072120730024,3.1753248214264906,6.4330593824669045,1.3247344298658987,60086,5,5
"[1, 0, 0, 1, 0, 1, 0, 1, 1, 0]",9.30413105187222,2.6045526814333155,6.517458711907202,1.295411641604633,53106,5,5
"[1, 0, 0, 1, 0, 1, 0, 1, 1, 1]",8.723331608353936,3.8539410395476836,6.452202293915269,1.3757122442127363,85583,6,4
"[1, 0, 0, 1, 0, 1, 1, 0, 0, 0]",9.475374393303445,2.432308422990872,6.572284747393402,1.2333383785871912,32578,4,6
"[1, 0, 0, 1, 0, 1, 1, 0, 0, 1]",9.27938373288768,3.251522908474819,6.355491558654368,1.1889089555654486,55036,5,5
"[1, 0, 0, 1, 0, 1, 1, 0, 1, 0]",9.956195587548487,3.382473210466357,6.4897781757766335,1.3206681206092477,16673,5,5
"[1, 0, 0, 1, 0, 1, 1, 0, 1, 1]",9.200508633179775,3.196384964707237,6.653163976259946,1.4612063747871993,3682,6,4
"[1, 0, 0, 1, 0, 1, 1, 1, 0, 0]",9.017638417668989,2.917306511969157,6.33605139581136,1.415257137174884,6223,5,5
"[1, 0, 0, 1, 0, 1, 1, 1, 0, 1]",8.762523606290046,3.552524112473393,6.525293907147905,1.3990859678079346,20716,6,4
"[1, 0, 0, 1, 0, 1, 1, 1, 1, 0]",8.532865825778597,3.3310228344264106,6.221663337423205,1.2912535717312812,74420,6,4
"[1, 0, 0, 1, 0, 1, 1, 1, 1, 1]",7.869851820025535,4.713821591990517,6.493799855695228,1.0336191416946618,10995,7,3
"[1, 0, 0, 1, 1, 0, 0, 0, 0, 0]",9.572998420974304,2.547862880033061,6.433762269699964,1.2753624568242965,3499,3,7
"[1, 0, 0, 1, 1, 0, 0, 0, 0, 1]",9.46332224565562,2.586542620553272,6.435219218762779,1.2518452582743407,48658,4,6
"[1, 0, 0, 1, 1, 0, 0, 0, 1, 0]",9.125964991186931,2.8450287704086867,6.499103700420461,1.214897631026335,70173,4,6
"[1, 0, 0, 1, 1, 0, 0, 0, 1, 1]",8.797510047698033,3.49324095518174,6.384808894939376,1.2381354431767466,42028,5,5
"[1, 0, 0, 1, 1, 0, 0, 1, 0, 0]",9.410369885478532,2.2800514976525625,6.342684327095144,1.3268838779629706,73839,4,6
"[1, 0, 0, 1, 1, 0, 0, 1, 0, 1]",9.201974115808387,3.5108949984139377,6.947638794806931,1.1642613619255404,67569,5,5
"[1, 0, 0, 1, 1, 0, 0, 1, 1, 0]",9.751845695155259,2.6097127459971183,6.394786027125888,1.1186669914221143,46367,5,5
"[1, 0, 0, 1, 1, 0, 0, 1, 1, 1]",8.49700185095079,3.179261794345281,6.312810749015395,1.0898533216254869,18333,6,4
"[1, 0, 0, 1, 1, 0, 1, 0, 0, 0]",9.676366942562058,2.5399568879520236,6.452756418252691,1.221695250705057,80897,4,6
"[1, 0, 0, 1, 1, 0, 1, 0, 0, 1]",8.833525260859496,2.8079920065268933,6.332779921575277,1.1085777608557186,22013,5,5
"[1, 0, 0, 1, 1, 0, 1, 0, 1, 0]",9.01419369361444,3.0962740035218794,6.439528253932564,1.049486545445304,53689,5,5
"[1, 0, 0, 1, 1, 0, 1, 0, 1, 1]",7.941484034986463,3.9559807390852457,6.459506844250967,1.1828070144977896,51524,6,4
"[1, 0, 0, 1, 1, 0, 1, 1, 0, 0]",9.159624812459553,3.198208982612366,6.360873509535969,1.2489162723311409,52813,5,5
"[1, 0, 0, 1, 1, 0, 1, 1, 0, 1]",9.208347447985656,3.209547002798437,6.337055877310343,1.0157610057584001,50429,6,4
"[1, 0, 0, 1, 1, 0, 1, 1, 1, 0]",8.591677302604777,4.096750740293817,6.585084322040682,1.1249094190519058,88336,6,4
"[1, 0, 0, 1, 1, 0, 1, 1, 1, 1]",7.5617517138660615,4.496670742273824,6.413518290658448,1.2383250576249338,69086,7,3
"[1, 0, 0, 1, 1, 1, 0, 0, 0, 0]",9.066929740147971,2.944791931068646,6.293962012799204,1.17301778962025,8303,4,6
"[1, 0, 0, 1, 1, 1, 0, 0, 0, 1]",9.093168775011616,3.839766448790727,6.480746892551687,1.3236718984293432,68664,5,5
"[1, 0, 0, 1, 1, 1, 0, 0, 1, 0]",8.922310001423819,2.6185233530352914,6.111235200221456,1.3221783979617243,51023,5,5
"[1, 0, 0, 1, 1, 1, 0, 0, 1, 1]",8.416944854797611,3.849515778019747,6.439340077960067,1.2325798341844043,9555,6,4
"[1, 0, 0, 1, 1, 1, 0, 1, 0, 0]",8.850878750780042,2.92941624393096,6.125004918420615,1.1366452792603774,62164,5,5
"[1, 0, 0, 1, 1, 1, 0, 1, 0, 1]",8.405280550155041,3.093433938882107,6.388798564445052,1.2483808375580971,38918,6,4
"[1, 0, 0, 1, 1, 1, 0, 1, 1, 0]",8.599111338674973,3.557580496933461,6.328344124943421,1.1227778333055913,59799,6,4
"[1, 0, 0, 1, 1, 1, 0, 1, 1, 1]",8.416688580330915,4.049606229600375,6.294942738834651,1.1761490130679937,72550,7,3
"[1, 0, 0, 1, 1, 1, 1, 0, 0, 0]",9.244769801168209,3.0914307299509134,6.306377092090193,1.3229162496947808,93559,5,5
"[1, 0, 0, 1, 1, 1, 1, 0, 0, 1]",9.83668351842552,3.184373321366632,6.393897260790806,1.1756867215039468,17184,6,4
"[1, 0, 0, 1, 1, 1, 1, 0, 1, 0]",8.643435014907338,3.9742637987749614,6.383491152625125,1.2614372377249425,4770,6,4
"[1, 0, 0, 1, 1, 1, 1, 0, 1, 1]",8.559506323289499,3.8582536070162234,6.418111074710228,1.2984079625082927,67643,7,3
"[1, 0, 0, 1, 1, 1, 1, 1, 0, 0]",8.669128755647016,3.6843959035185225,6.55094791119168,1.3773852766193062,71579,6,4
"[1, 0, 0, 1, 1, 1, 1, 1, 0, 1]",8.392074682159786,3.877908165886258,6.3689482977370355,1.3353633870609083,87057,7,3
"[1, 0, 0, 1, 1, 1, 1, 1, 1, 0]",8.396190697635431,4.148642742770532,6.612966201276119,1.1117781253604906,28787,7,3
"[1, 0, 0, 1, 1, 1, 1, 1, 1, 1]",6.416129776598082,4.588153188551661,6.254523771822456,1.115649076179201,76806,8,2
"[1, 0, 1, 0, 0, 0, 0, 0, 0, 0]",9.79353833003953,2.7687995533174314,6.336077409189627,1.3997481962124108,98256,2,8
"[1, 0, 1, 0, 0, 0, 0, 0, 0, 1]",9.652792880695934,2.7175659528136196,6.502443460012057,1.236082185117878,78735,3,7
"[1, 0, 1, 0, 0, 0, 0, 0, 1, 0]",9.418634920612373,2.92445859593227,6.44413084203993,1.2514257333860592,85163,3,7
"[1, 0, 1, 0, 0, 0, 0, 0, 1, 1]",9.56462452292894,2.3689966569261047,6.3507330277718514,1.174548596577073,92119,4,6
"[1, 0, 1, 0, 0, 0, 0, 1, 0, 0]",9.802602802606488,2.291901996008747,6.5218966199076,1.253854312944063,53030,3,7
"[1, 0, 1, 0, 0, 0, 0, 1, 0, 1]",9.729924275103999,2.5960788995862623,6.436130854266392,1.1352918187957284,4544,4,6
"[1, 0, 1, 0, 0, 0, 0, 1, 1, 0]",9.54038680286827,2.786786010235109,6.459017349151517,1.2971843522255275,99033,4,6
"[1, 0, 1, 0, 0, 0, 0, 1, 1, 1]",9.405420170409899,2.9339265465029984,6.378281092854561,1.2066087460237316,5211,5,5
"[1, 0, 1, 0, 0, 0, 1, 0, 0, 0]",9.801480962188684,2.4883563950807677,6.579150885807827,1.1532633644966024,17990,3,7
"[1, 0, 1, 0, 0, 0, 1, 0, 0, 1]",9.481898357091557,2.7489561119011645,6.477224295170945,1.2459915689650052,24646,4,6
"[1, 0, 1, 0, 0, 0, 1, 0, 1, 0]",9.834772627164476,2.5821230082135216,6.774240131607522,1.3497454347711968,4349,4,6
"[1, 0, 1, 0, 0, 0, 1, 0, 1, 1]",9.49463734557728,3.302534303379374,6.4353654209561535,1.302278156753547,40757,5,5
"[1, 0, 1, 0, 0, 0, 1, 1, 0, 0]",9.408306957945882,2.5520430300620247,6.284674517328146,1.2357094288627355,37691,4,6
"[1, 0, 1, 0, 0, 0, 1, 1, 0, 1]",9.355334931566569,2.9847237158801736,6.555962636473271,1.1238700996239774,87842,5,5
"[1, 0, 1, 0, 0, 0, 1, 1, 1, 0]",8.804302106282286,3.6965656311534403,6.583416343870721,1.2089565935901598,78933,5,5
"[1, 0, 1, 0, 0, 0, 1, 1, 1, 1]",8.700282972640169,3.3840000985262795,6.3681417317322335,1.2236926776859727,40714,6,4
"[1, 0, 1, 0, 0, 1, 0, 0, 0, 0]",9.545041270978583,2.429528313039238,6.5881507150591,1.1003529908024892,38800,3,7
"[1, 0, 1, 0, 0, 1, 0, 0, 0, 1]",9.395751397054898,2.801881564426852,6.60299867119185,1.155647035314841,3800,4,6
"[1, 0, 1, 0, 0, 1, 0, 0, 1, 0]",9.420676893172097,2.561070284862407,6.5566200396238195,1.2966938727803499,41182,4,6
"[1, 0, 1, 0, 0, 1, 0, 0, 1, 1]",9.116455743905089,3.1633438700826777,6.5467086096957745,1.2630081598966045,66307,5,5
"[1, 0, 1, 0, 0, 1, 0, 1, 0, 0]",9.749165048766946,2.458969735764158,6.447364918873381,1.206735348420674,72952,4,6
"[1, 0, 1, 0, 0, 1, 0, 1, 0, 1]",9.221542614295506,3.3814140060926032,6.471303009840816,1.1238168576767926,28721,5,5
"[1, 0, 1, 0, 0, 1, 0, 1, 1, 0]",9.620866478480412,2.738496728562518,6.318587312556677,1.247999906513522,62654,5,5
"[1, 0, 1, 0, 0, 1, 0, 1, 1, 1]",8.540058663950475,3.88613116072271,6.258631928295301,1.2038040268552266,64992,6,4
"[1, 0, 1, 0, 0, 1, 1, 0, 0, 0]",9.877810823313334,2.4048423994331816,6.569256840360753,1.2142367323692371,97986,4,6
"[1, 0, 1, 0, 0, 1, 1, 0, 0, 1]",9.338681842658868,2.867790935438991,6.293958342259471,1.2264641997971126,9494,5,5
"[1, 0, 1, 0, 0, 1, 1, 0, 1, 0]",8.929989602110751,3.2253794919544334,6.335158747392551,1.1881020352711673,26995,5,5
"[1, 0, 1, 0, 0, 1, 1, 0, 1, 1]",9.294982530341809,3.617180901946269,6.5917345735484965,1.1161430332160798,93292,6,4
"[1, 0, 1, 0, 0, 1, 1, 1, 0, 0]",8.993637429955093,2.6836833082798837,6.2704087708843534,1.1497036695261247,40996,5,5
"[1, 0, 1, 0, 0, 1, 1, 1, 0, 1]",8.812636756177096,3.348265831769193,6.322594185065063,1.0554354368737717,31469,6,4
"[1, 0, 1, 0, 0, 1, 1, 1, 1, 0]",8.758162792869165,4.305224327138054,6.566761509794945,1.2718867781366694,11531,6,4
"[1, 0, 1, 0, 0, 1, 1, 1, 1, 1]",7.608336168889255,4.594973111327454,6.330534672473363,1.26251469158829,95235,7,3
"[1, 0, 1, 0, 1, 0, 0, 0, 0, 0]",9.25121871559313,2.258881375256956,6.3479168101868115,1.1710618400563277,71865,3,7
"[1, 0, 1, 0, 1, 0, 0, 0, 0, 1]",9.47553894206366,2.717522627685208,6.525604569134649,1.2388311746997271,7450,4,6
"[1, 0, 1, 0, 1, 0, 0, 0, 1, 0]",9.565133542701558,2.9625823726601337,6.409013785822731,1.1731141617143261,57384,4,6
"[1, 0, 1, 0, 1, 0, 0, 0, 1, 1]",8.807119206511784,3.423030237184882,6.409777714352342,1.2214375023280208,85058,5,5
"[1, 0, 1, 0, 1, 0, 0, 1, 0, 0]",9.61309065813425,2.578995118672289,6.383923848813937,1.3418086007720322,37873,4,6
"[1, 0, 1, 0, 1, 0, 0, 1, 0, 1]",9.38558697313989,2.9440776949966376,6.5437423376424695,1.2279900467306444,57538,5,5
"[1, 0, 1, 0, 1, 0, 0, 1, 1, 0]",8.766488448397716,3.4318195625574606,6.365440379013344,1.2588436429858632,85323,5,5
"[1, 0, 1, 0, 1, 0, 0, 1, 1, 1]",9.505038939720244,3.1185138547024898,6.6255728979096515,1.1989089125481105,79405,6,4
"[1, 0, 1, 0, 1, 0, 1, 0, 0, 0]",9.663673725727303,2.5330740303007646,6.473832378014154,1.0738867583185476,41245,4,6
"[1, 0, 1, 0, 1, 0, 1, 0, 0, 1]",9.305905991689077,2.718726019004893,6.190153857948871,1.2873760349611083,20282,5,5
"[1, 0, 1, 0, 1, 0, 1, 0, 1, 0]",9.317051733488768,2.931255874168384,6.2875375299825915,1.1779240668876176,40999,5,5
"[1, 0, 1, 0, 1, 0, 1, 0, 1, 1]",8.709452942848042,3.662916808607954,6.44036914413977,1.3289274128912025,67285,6,4
"[1, 0, 1, 0, 1, 0, 1, 1, 0, 0]",9.340114476412854,3.237332812064444,6.481534452241521,1.3694523208980376,64529,5,5
"[1, 0, 1, 0, 1, 0, 1, 1, 0, 1]",9.169462621618694,2.9923948175463324,6.489443234998038,1.2210909089279316,83398,6,4
"[1, 0, 1, 0, 1, 0, 1, 1, 1, 0]",9.659800262667483,3.607243801587688,6.535317964836739,1.2433451873589099,30321,6,4
"[1, 0, 1, 0, 1, 0, 1, 1, 1, 1]",7.861412357978403,4.082853925149173,6.393639959725856,1.3791508149400107,85019,7,3
"[1, 0, 1, 0, 1, 1, 0, 0, 0, 0]",8.992423494430309,3.0767055302301487,6.342105657443007,1.2678661849277284,4420,4,6
"[1, 0, 1, 0, 1, 1, 0, 0, 0, 1]",9.164443412530652,3.4812440568708767,6.525656289647552,1.128174093734998,11168,5,5
"[1, 0, 1, 0, 1, 1, 0, 0, 1, 0]",9.317178168209756,3.262450961485984,6.474987350295351,1.2744686126432017,31608,5,5
"[1, 0, 1, 0, 1, 1, 0, 0, 1, 1]",9.010700227289076,3.6455417123883667,6.240995102345404,1.2327817980548081,6663,6,4
"[1, 0, 1, 0, 1, 1, 0, 1, 0, 0]",9.287648267494768,3.20296529295244,6.429864951366292,1.1375860522042167,22422,5,5
"[1, 0, 1, 0, 1, 1, 0, 1, 0, 1]",8.602567118299813,3.222410753558439,6.3351248923758945,1.175057087915878,2824,6,4
"[1, 0, 1, 0, 1, 1, 0, 1, 1, 0]",8.86388651265099,3.6120190484555437,6.446617368099771,1.3549713412869506,3767,6,4
"[1, 0, 1, 0, 1, 1, 0, 1, 1, 1]",7.881355414854787,4.066029467421767,6.343821568137996,1.222505296441203,97521,7,3
"[1, 0, 1, 0, 1, 1, 1, 0, 0, 0]",9.176094744883349,2.9160872700995486,6.445566895936582,1.3368979193689112,79524,5,5
"[1, 0, 1, 0, 1, 1, 1, 0, 0, 1]",9.298670130229373,3.7929739763381902,6.4343111252105185,1.216913675648528,2300,6,4
"[1, 0, 1, 0, 1, 1, 1, 0, 1, 0]",8.437424132070921,2.9449759867584553,6.2290783656276725,1.3118418429892285,78099,6,4
"[1, 0, 1, 0, 1, 1, 1, 0, 1, 1]",7.57454042016891,4.65613326750393,6.18932699001646,1.1627157447413465,46423,7,3
"[1, 0, 1, 0, 1, 1, 1, 1, 0, 0]",8.751079824196978,4.073130440363919,6.336261605246806,1.3431765758784509,12017,6,4
"[1, 0, 1, 0, 1, 1, 1, 1, 0, 1]",8.079073150852015,4.041287315829304,6.296013425954512,1.2522531745195973,16719,7,3
"[1, 0, 1, 0, 1, 1, 1, 1, 1, 0]",8.782096895797823,3.8503179664203793,6.437438381738665,1.0964907035381957,64948,7,3
"[1, 0, 1, 0, 1, 1, 1, 1, 1, 1]",6.7841891413608035,5.234427878413172,6.535942387438382,1.2328365655249394,99795,8,2
"[1, 0, 1, 1, 0, 0, 0, 0, 0, 0]",10.128961374634319,2.512140540107646,6.695186845117295,1.1765742935128987,48233,3,7
"[1, 0, 1, 1, 0, 0, 0, 0, 0, 1]",9.467058344055916,2.307127851581921,6.468127991511535,1.2406015745437338,1245,4,6
"[1, 0, 1, 1, 0, 0, 0, 0, 1, 0]",9.564320306645055,2.4827906557774515,6.4083167511791865,1.1364893359407238,23698,4,6
"[1, 0, 1, 1, 0, 0, 0, 0, 1, 1]",9.065304809428262,3.0606366671228593,6.556451923388385,1.1800357061275162,5273,5,5
"[1, 0, 1, 1, 0, 0, 0, 1, 0, 0]",10.044672075417788,2.56018839493105,6.372507803474922,1.2214877520525211,33331,4,6
"[1, 0, 1, 1, 0, 0, 0, 1, 0, 1]",9.06615449046659,3.2589731709140963,6.330845966747476,1.2693357600267507,18207,5,5
"[1, 0, 1, 1, 0, 0, 0, 1, 1, 0]",8.823182188460361,2.992628505470153,6.468948538369522,1.3226580486682704,98101,5,5
"[1, 0, 1, 1, 0, 0, 0, 1, 1, 1]",8.74908598399692,3.879584512535792,6.555012577093112,1.2246406764915283,45082,6,4
"[1, 0, 1, 1, 0, 0, 1, 0, 0, 0]",9.351756346910665,2.7375722584186284,6.434834999134647,1.1311940073004332,24055,4,6
"[1, 0, 1, 1, 0, 0, 1, 0, 0, 1]",9.178044747032331,3.241797614540062,6.446867022264408,1.1924551237699879,28039,5,5
"[1, 0, 1, 1, 0, 0, 1, 0, 1, 0]",9.363014546722448,3.2978140890875087,6.585529975523567,1.2042815960992714,61385,5,5
"[1, 0, 1, 1, 0, 0, 1, 0, 1, 1]",8.382058646124596,3.553738983595702,6.2958465918270345,1.1139897246614374,17754,6,4
"[1, 0, 1, 1, 0, 0, 1, 1, 0, 0]",8.7876162432186,3.4078036039022193,6.321483800235452,1.265238007923482,53668,5,5
"[1, 0, 1, 1, 0, 0, 1, 1, 0, 1]",9.174012576331704,3.772113119150295,6.644827322516092,1.2331744733087728,83118,6,4
"[1, 0, 1, 1, 0, 0, 1, 1, 1, 0]",8.412881690358923,3.6668180902432788,6.44441861748057,1.3872689878995517,85509,6,4
"[1, 0, 1, 1, 0, 0, 1, 1, 1, 1]",7.5591595179858135,5.091947568370296,6.476437943183242,1.2840413469786198,54337,7,3
"[1, 0, 1, 1, 0, 1, 0, 0, 0, 0]",9.70252576369699,2.434849942688629,6.416593825832524,1.2685555557711898,908,4,6
"[1, 0, 1, 1, 0, 1, 0, 0, 0, 1]",9.268525102433316,2.906486247700403,6.606255540522668,1.1251585607900076,77984,5,5
"[1, 0, 1, 1, 0, 1, 0, 0, 1, 0]",8.902967302564424,3.3376774723826363,6.429910876037671,1.2587164988900919,31324,5,5
"[1, 0, 1, 1, 0, 1, 0, 0, 1, 1]",8.877229315895516,3.6948564618430817,6.261193223467758,1.0987272177010265,56355,6,4
"[1, 0, 1, 1, 0, 1, 0, 1, 0, 0]",9.143038138094262,3.304174005190938,6.406502971919594,1.1578923163839336,2317,5,5
"[1, 0, 1, 1, 0, 1, 0, 1, 0, 1]",8.600833638729414,3.7468671938949973,6.531807562582506,1.422046426613602,48465,6,4
"[1, 0, 1, 1, 0, 1, 0, 1, 1, 0]",8.952437381587412,3.7270906388090648,6.495731692448801,1.165711217460223,13455,6,4
"[1, 0, 1, 1, 0, 1, 0, 1, 1, 1]",8.200076054459855,3.9180661438233266,6.430343434220956,1.2108657731626191,54886,7,3
"[1, 0, 1, 1, 0, 1, 1, 0, 0, 0]",8.90653940382909,3.033598000926094,6.36472745347822,1.2247356293446907,46183,5,5
"[1, 0, 1, 1, 0, 1, 1, 0, 0, 1]",9.370310487360918,3.4917787699810194,6.823096184523491,1.3475241442337254,71357,6,4
"[1, 0, 1, 1, 0, 1, 1, 0, 1, 0]",8.595544177951542,3.102037200921569,6.293148700666274,1.2087390868744112,50344,6,4
"[1, 0, 1, 1, 0, 1, 1, 0, 1, 1]",7.991261659283463,4.3696243783792825,6.4819524249678455,1.2879630465770917,71353,7,3
"[1, 0, 1, 1, 0, 1, 1, 1, 0, 0]",9.003168255982123,3.716583230672944,6.624877258172113,1.301038186686398,15544,6,4
"[1, 0, 1, 1, 0, 1, 1, 1, 0, 1]",8.459150663237441,4.6733349733588,6.575441047736854,1.22184665704295,21481,7,3
"[1, 0, 1, 1, 0, 1, 1, 1, 1, 0]",8.330977654842272,4.067363020632178,6.286690091921674,1.1083560500306366,93981,7,3
"[1, 0, 1, 1, 0, 1, 1, 1, 1, 1]",6.1229807811141574,4.8284631826017055,6.259695673427571,1.2105373747963384,14577,8,2
"[1, 0, 1, 1, 1, 0, 0, 0, 0, 0]",9.262934400897656,2.547848980713437,6.3440936686272495,1.2105789680928838,52520,4,6
"[1, 0, 1, 1, 1, 0, 0, 0, 0, 1]",9.06540886029699,2.9760784769386937,6.306332380688498,1.1517992969908015,15572,5,5
"[1, 0, 1, 1, 1, 0, 0, 0, 1, 0]",9.306241091610518,2.694923444883199,6.32356145639041,1.2568771352728252,95707,5,5
"[1, 0, 1, 1, 1, 0, 0, 0, 1, 1]",9.098862341373097,3.3018358241518055,6.409638771598498,1.1189494972014444,29528,6,4
"[1, 0, 1, 1, 1, 0, 0, 1, 0, 0]",9.144809806954235,2.3353066209640123,6.328782601991866,1.1341162209042508,35826,5,5
"[1, 0, 1, 1, 1, 0, 0, 1, 0, 1]",8.605241575183252,3.320603956600786,6.5522937150510225,1.2295989475020077,64068,6,4
"[1, 0, 1, 1, 1, 0, 0, 1, 1, 0]",9.112490009391717,3.121785811081088,6.425903499358854,1.1557737176873724,66809,6,4
"[1, 0, 1, 1, 1, 0, 0, 1, 1, 1]",7.689326095783503,4.475767695557327,6.4083654168799224,1.4087225202326332,51459,7,3
"[1, 0, 1, 1, 1, 0, 1, 0, 0, 0]",9.87102503611644,2.8823304095986644,6.645828488701699,1.1662300928482534,62048,5,5
"[1, 0, 1, 1, 1, 0, 1, 0, 0, 1]",8.946567636878184,3.8136569447716626,6.568390477356685,1.3913035340764486,84356,6,4
"[1, 0, 1, 1, 1, 0, 1, 0, 1, 0]",9.3301900677753,3.5822871435619072,6.656037431406134,1.2805158956749938,5687,6,4
"[1, 0, 1, 1, 1, 0, 1, 0, 1, 1]",7.881286204710344,3.7003485612608418,6.157845662521534,1.255069519644528,74381,7,3
"[1, 0, 1, 1, 1, 0, 1, 1, 0, 0]",9.184934773158755,3.7628187017430523,6.289212361452721,1.262388935515384,84052,6,4
"[1, 0, 1, 1, 1, 0, 1, 1, 0, 1]",7.814547738333914,4.636446173807168,6.491669756952603,1.2012461421909015,34201,7,3
"[1, 0, 1, 1, 1, 0, 1, 1, 1, 0]",7.840786485882421,4.530985306554649,6.231828789420057,1.2903149015639874,65232,7,3
"[1, 0, 1, 1, 1, 0, 1, 1, 1, 1]",7.4199419646157905,4.983066433532671,6.687063665813831,1.411660539523915,48540,8,2
"[1, 0, 1, 1, 1, 1, 0, 0, 0, 0]",9.671884295330681,2.6956416329692496,6.461902440989707,1.235666915016541,5919,5,5
"[1, 0, 1, 1, 1, 1, 0, 0, 0, 1]",9.039582676693867,4.005832896941534,6.489044421910758,1.3710682752212748,73051,6,4
"[1, 0, 1, 1, 1, 1, 0, 0, 1, 0]",8.971693792849411,3.3757835352189725,6.656808727974063,1.288721180512723,92860,6,4
"[1, 0, 1, 1, 1, 1, 0, 0, 1, 1]",7.093157173716281,4.571965608542667,6.537513234043619,1.2017037579125192,6214,7,3
"[1, 0, 1, 1, 1, 1, 0, 1, 0, 0]",8.801856645768158,2.8558584077794116,6.436417848946629,1.2435950886195233,2618,6,4
"[1, 0, 1, 1, 1, 1, 0, 1, 0, 1]",8.16028166466473,3.9707552212631794,6.495077653113766,1.2608762728959662,65299,7,3
"[1, 0, 1, 1, 1, 1, 0, 1, 1, 0]",8.590632798323039,4.50129855553558,6.455784661493254,1.2164495974857443,34843,7,3
"[1, 0, 1, 1, 1, 1, 0, 1, 1, 1]",7.667211217192065,4.999831026779989,6.3489104934924,1.2259064005261622,79908,8,2
"[1, 0, 1, 1, 1, 1, 1, 0, 0, 0]",8.903815361611288,3.206830596206825,6.460933352436346,1.3666550066614997,1772,6,4
"[1, 0, 1, 1, 1, 1, 1, 0, 0, 1]",8.209266259185632,4.2007031375912955,6.5038637324802915,1.3743868176799536,80135,7,3
"[1, 0, 1, 1, 1, 1, 1, 0, 1, 0]",8.121706791743028,4.16620789751498,6.491849621252772,1.1925395742098446,23180,7,3
"[1, 0, 1, 1, 1, 1, 1, 0, 1, 1]",5.696673907085977,4.841248947680787,6.390568223587155,1.0972280570638326,72544,8,2
"[1, 0, 1, 1, 1, 1, 1, 1, 0, 0]",8.552229898876686,4.0857365757107305,6.585683732308457,1.2280520662397294,99447,7,3
"[1, 0, 1, 1, 1, 1, 1, 1, 0, 1]",6.3215567869180935,4.555649838478181,6.278949657534579,1.3621990101292192,27485,8,2
"[1, 0, 1, 1, 1, 1, 1, 1, 1, 0]",7.042434432575947,5.003135556686636,6.459387179257166,1.2585529929988382,9388,8,2
"[1, 0, 1, 1, 1, 1, 1, 1, 1, 1]",4.664445930621055,5.060822921365181,6.5232577376929,1.298635257324116,26749,9,1
