Genome,Ave_fit,Std_fit,Sum_fit,Ave_thr,Std_thr,Seed,Num_Learning,Num_Mating
"[1, 1, 0, 0, 0, 0, 0, 0, 0, 0]",7.412297171841292,2.4873153230905936,4.924981848750699,6.4553899278251645,1.1801043326485645,83621,2,8
"[1, 1, 0, 0, 0, 0, 0, 0, 0, 1]",7.551101654053394,2.6073295106051133,4.94377214344828,6.408887901694133,1.2211879988142105,58501,3,7
"[1, 1, 0, 0, 0, 0, 0, 0, 1, 0]",7.718684802980825,2.661611067277013,5.057073735703812,6.372681722955853,1.2594506399451122,32516,3,7
"[1, 1, 0, 0, 0, 0, 0, 0, 1, 1]",7.732107668098298,2.775849556150273,4.956258111948024,6.46676946076688,1.2678215243643964,74578,4,6
"[1, 1, 0, 0, 0, 0, 0, 1, 0, 0]",7.551208237539429,2.6711888510442576,4.880019386495171,6.370351529903986,1.2754551115907997,7598,3,7
"[1, 1, 0, 0, 0, 0, 0, 1, 0, 1]",7.801199197212303,2.813040834709006,4.988158362503297,6.388241378944612,1.2406012281122845,28869,4,6
"[1, 1, 0, 0, 0, 0, 0, 1, 1, 0]",7.616992608983247,2.750745325346109,4.866247283637138,6.427003235057032,1.252378965170051,38721,4,6
"[1, 1, 0, 0, 0, 0, 0, 1, 1, 1]",7.55599432951349,3.2141692204776815,4.341825109035809,6.409368028651934,1.272033337528291,60679,5,5
"[1, 1, 0, 0, 0, 0, 1, 0, 0, 0]",7.761462939720029,2.5352644784974077,5.226198461222621,6.436018219418702,1.237885145421568,30297,3,7
"[1, 1, 0, 0, 0, 0, 1, 0, 0, 1]",7.69507907772652,2.7944265195326174,4.900652558193903,6.477034279155358,1.2802897999592853,82748,4,6
"[1, 1, 0, 0, 0, 0, 1, 0, 1, 0]",7.711486725935544,2.664310736687526,5.047175989248018,6.463211484243318,1.3108526125722484,14461,4,6
"[1, 1, 0, 0, 0, 0, 1, 0, 1, 1]",7.914605985191495,3.1086164952356605,4.805989489955834,6.388623547027511,1.2348315479908818,85331,5,5
"[1, 1, 0, 0, 0, 0, 1, 1, 0, 0]",7.927781059621029,2.7352566157619997,5.19252444385903,6.592978442990477,1.2438133747334696,68011,4,6
"[1, 1, 0, 0, 0, 0, 1, 1, 0, 1]",7.701876295637094,3.0981843299918244,4.60369196564527,6.401432478085221,1.2142832682721554,22267,5,5
"[1, 1, 0, 0, 0, 0, 1, 1, 1, 0]",7.742735044984014,3.2939498626702663,4.448785182313748,6.432672096157413,1.301301115072037,36302,5,5
"[1, 1, 0, 0, 0, 0, 1, 1, 1, 1]",7.652025985450018,3.6182933774191266,4.033732608030891,6.299789936134609,1.2983196753630493,77138,6,4
"[1, 1, 0, 0, 0, 1, 0, 0, 0, 0]",7.644025067498708,2.400726133936603,5.243298933562105,6.483627515466119,1.2751345635130804,59058,3,7
"[1, 1, 0, 0, 0, 1, 0, 0, 0, 1]",7.7742213568486935,2.914505067056817,4.859716289791876,6.440699316861996,1.2736367556430273,17900,4,6
"[1, 1, 0, 0, 0, 1, 0, 0, 1, 0]",7.6467600703899565,2.9044518354253586,4.742308234964598,6.3253850550640065,1.2434581287945425,89916,4,6
"[1, 1, 0, 0, 0, 1, 0, 0, 1, 1]",8.073428891256196,2.969349460943997,5.104079430312199,6.536378824675038,1.3141251320907454,34541,5,5
"[1, 1, 0, 0, 0, 1, 0, 1, 0, 0]",7.640118858493805,2.7342302128396745,4.90588864565413,6.462382975592515,1.3334572059553649,40759,4,6
"[1, 1, 0, 0, 0, 1, 0, 1, 0, 1]",7.861088727512873,3.0679901420189837,4.793098585493889,6.428568291252856,1.2323801967047576,68641,5,5
"[1, 1, 0, 0, 0, 1, 0, 1, 1, 0]",7.717165712193945,3.0436709893828717,4.673494722811073,6.377439840060061,1.2234476578781157,7724,5,5
"[1, 1, 0, 0, 0, 1, 0, 1, 1, 1]",7.699977634581793,3.575873248267483,4.124104386314309,6.377071779066294,1.1936589633788899,33337,6,4
"[1, 1, 0, 0, 0, 1, 1, 0, 0, 0]",7.867777312577285,2.9739722074149544,4.893805105162331,6.437448061250524,1.2931429866333792,15169,4,6
"[1, 1, 0, 0, 0, 1, 1, 0, 0, 1]",7.97921070602641,3.1198638980724884,4.859346807953921,6.476331090374054,1.2334294083995725,13602,5,5
"[1, 1, 0, 0, 0, 1, 1, 0, 1, 0]",7.91124395433522,3.1518416594463696,4.759402294888851,6.529473278569912,1.2597006084403175,23197,5,5
"[1, 1, 0, 0, 0, 1, 1, 0, 1, 1]",7.717479596314644,3.829292302963341,3.8881872933513026,6.499202897204238,1.2979024173338016,69216,6,4
"[1, 1, 0, 0, 0, 1, 1, 1, 0, 0]",7.8796633478933815,3.4211129927062496,4.458550355187132,6.6239139239438085,1.2683275887887382,61347,5,5
"[1, 1, 0, 0, 0, 1, 1, 1, 0, 1]",7.74931274641049,3.668664081209281,4.080648665201209,6.460424412581532,1.1707449854637944,5186,6,4
"[1, 1, 0, 0, 0, 1, 1, 1, 1, 0]",7.912099574595927,3.3690171451690736,4.543082429426853,6.40090273228142,1.3131255222201916,20896,6,4
"[1, 1, 0, 0, 0, 1, 1, 1, 1, 1]",7.591866473820145,4.210528491673938,3.3813379821462073,6.44247561870234,1.2393766227866352,54049,7,3
"[1, 1, 0, 0, 1, 0, 0, 0, 0, 0]",7.760099006330495,2.680211764033868,5.079887242296627,6.489873455837814,1.3133469133896387,59195,3,7
"[1, 1, 0, 0, 1, 0, 0, 0, 0, 1]",7.849201951270953,2.666451364919739,5.182750586351214,6.4769547219365595,1.2613806100360099,44507,4,6
"[1, 1, 0, 0, 1, 0, 0, 0, 1, 0]",7.853497515333216,2.8060778581149077,5.047419657218308,6.479929621336138,1.2029301750245696,84498,4,6
"[1, 1, 0, 0, 1, 0, 0, 0, 1, 1]",7.888496221266899,2.972968399883451,4.9155278213834475,6.411260209793125,1.2016057101715654,28761,5,5
"[1, 1, 0, 0, 1, 0, 0, 1, 0, 0]",7.863426690081307,3.0111157964399475,4.852310893641359,6.510240356191288,1.2805339817585086,28071,4,6
"[1, 1, 0, 0, 1, 0, 0, 1, 0, 1]",7.523621505388732,3.05089069070955,4.472730814679182,6.357846106643403,1.2563010059461097,81733,5,5
"[1, 1, 0, 0, 1, 0, 0, 1, 1, 0]",7.864266056074487,3.2234013084364537,4.640864747638034,6.401133534748852,1.2523778619380443,5172,5,5
"[1, 1, 0, 0, 1, 0, 0, 1, 1, 1]",8.121564747701296,3.702018871833599,4.419545875867697,6.520739595586571,1.2306680791158646,97884,6,4
"[1, 1, 0, 0, 1, 0, 1, 0, 0, 0]",7.897967073997448,2.8378244774545283,5.060142596542919,6.519521056764767,1.2322690045961777,45035,4,6
"[1, 1, 0, 0, 1, 0, 1, 0, 0, 1]",7.896692462077079,2.9161418295669637,4.9805506325101145,6.435260352468338,1.2932359851845427,16959,5,5
"[1, 1, 0, 0, 1, 0, 1, 0, 1, 0]",7.9017950587278,3.2824119878107587,4.619383070917042,6.470741509835785,1.213391441698255,73245,5,5
"[1, 1, 0, 0, 1, 0, 1, 0, 1, 1]",7.683654339235228,3.5205998496497886,4.1630544895854396,6.296198408031756,1.2301467899807472,44968,6,4
"[1, 1, 0, 0, 1, 0, 1, 1, 0, 0]",7.813525542335354,3.181321568698995,4.632203973636359,6.361710690717238,1.2931124865225103,77143,5,5
"[1, 1, 0, 0, 1, 0, 1, 1, 0, 1]",7.914433534613449,3.5780258652879184,4.336407669325531,6.494367392105312,1.2737130798104088,79056,6,4
"[1, 1, 0, 0, 1, 0, 1, 1, 1, 0]",7.521543300326147,3.5011792004841653,4.0203640998419825,6.401874748845742,1.2467534308969583,96603,6,4
"[1, 1, 0, 0, 1, 0, 1, 1, 1, 1]",7.09798976950849,4.296377770394652,2.801611999113838,6.3652505321216655,1.267112460787585,33531,7,3
"[1, 1, 0, 0, 1, 1, 0, 0, 0, 0]",7.776129059178746,2.782918722621475,4.993210336557271,6.430959183087922,1.218031434265942,53465,4,6
"[1, 1, 0, 0, 1, 1, 0, 0, 0, 1]",7.8605147602358425,3.0731127407429146,4.787402019492928,6.532751644542525,1.2797656474378005,80021,5,5
"[1, 1, 0, 0, 1, 1, 0, 0, 1, 0]",7.742792694424959,3.0522668920222062,4.690525802402753,6.45374261833257,1.2531675474361124,9281,5,5
"[1, 1, 0, 0, 1, 1, 0, 0, 1, 1]",7.671166719812949,3.484849072067653,4.186317647745296,6.428684940222566,1.1832983240859056,46517,6,4
"[1, 1, 0, 0, 1, 1, 0, 1, 0, 0]",7.806713334666858,3.090995798164488,4.715717536502369,6.352571681919158,1.307019524476187,54791,5,5
"[1, 1, 0, 0, 1, 1, 0, 1, 0, 1]",8.1754083806472,3.3233197333550186,4.852088647292181,6.5079233646079775,1.2274027636690763,53060,6,4
"[1, 1, 0, 0, 1, 1, 0, 1, 1, 0]",7.379065423063851,3.5560401472164282,3.823025275847423,6.332054915593543,1.251940185307134,18681,6,4
"[1, 1, 0, 0, 1, 1, 0, 1, 1, 1]",7.345465156025418,4.191521288910133,3.1539438671152853,6.370174665145766,1.2081530890162122,70691,7,3
"[1, 1, 0, 0, 1, 1, 1, 0, 0, 0]",7.872727206489777,3.0310535214779195,4.841673685011857,6.4272362653661474,1.3195594871915652,32925,5,5
"[1, 1, 0, 0, 1, 1, 1, 0, 0, 1]",7.648797246501267,3.628883123891074,4.019914122610192,6.523750968125089,1.2662525528128263,8316,6,4
"[1, 1, 0, 0, 1, 1, 1, 0, 1, 0]",7.447681070548938,3.699539365024028,3.7481417055249096,6.378773010671241,1.2403814072028037,37868,6,4
"[1, 1, 0, 0, 1, 1, 1, 0, 1, 1]",7.50345516634516,4.3300482192362315,3.173406947108928,6.5065584820744045,1.2526540723491844,4817,7,3
"[1, 1, 0, 0, 1, 1, 1, 1, 0, 0]",7.616430368962183,3.502246045639607,4.114184323322576,6.465292721304829,1.2928201293189345,42256,6,4
"[1, 1, 0, 0, 1, 1, 1, 1, 0, 1]",7.341201266980076,4.142509447600603,3.198691819379473,6.357727974347489,1.2256849150290352,90594,7,3
"[1, 1, 0, 0, 1, 1, 1, 1, 1, 0]",7.4210984296555695,4.043796638687402,3.3773017909681675,6.327562648304662,1.2419155667657251,28456,7,3
"[1, 1, 0, 0, 1, 1, 1, 1, 1, 1]",6.484467393449972,4.842744343628447,1.6417230498215245,6.416618314151073,1.2312771694747802,190,8,2
"[1, 1, 0, 1, 0, 0, 0, 0, 0, 0]",7.708316271152944,2.4184854479407534,5.28983082321219,6.540197742670523,1.237027562351689,24166,3,7
"[1, 1, 0, 1, 0, 0, 0, 0, 0, 1]",7.485259303805504,2.9143486770853855,4.570910626720119,6.35271520120408,1.215391792422195,4444,4,6
"[1, 1, 0, 1, 0, 0, 0, 0, 1, 0]",7.737374677189216,2.80158449594531,4.935790181243906,6.3766403865858345,1.245877320627227,67674,4,6
"[1, 1, 0, 1, 0, 0, 0, 0, 1, 1]",7.621442601518958,3.100719247863418,4.520723353655541,6.368593683084282,1.280513915435187,94102,5,5
"[1, 1, 0, 1, 0, 0, 0, 1, 0, 0]",7.748965392727896,2.5772009560546776,5.171764436673218,6.3817191803600375,1.2485868045626323,74671,4,6
"[1, 1, 0, 1, 0, 0, 0, 1, 0, 1]",7.7093952030439175,3.230288989015467,4.47910621402845,6.417608598235143,1.3249779673469517,82427,5,5
"[1, 1, 0, 1, 0, 0, 0, 1, 1, 0]",7.815680488366456,3.1761648316408504,4.639515656725606,6.497965045545605,1.2770536635158776,82278,5,5
"[1, 1, 0, 1, 0, 0, 0, 1, 1, 1]",8.082546015571365,3.687900849532657,4.394645166038709,6.477513879950288,1.3347438622824788,96069,6,4
"[1, 1, 0, 1, 0, 0, 1, 0, 0, 0]",7.75586059410473,2.91447636764072,4.84138422646401,6.40731953888216,1.2746461964847284,5191,4,6
"[1, 1, 0, 1, 0, 0, 1, 0, 0, 1]",7.93176072586959,3.129958802342704,4.801801923526886,6.521296694998657,1.234560757597697,91792,5,5
"[1, 1, 0, 1, 0, 0, 1, 0, 1, 0]",7.759353956910653,3.1740976318606315,4.585256325050022,6.374512006069199,1.2416971238356904,22666,5,5
"[1, 1, 0, 1, 0, 0, 1, 0, 1, 1]",7.8141020703841235,3.579675190402827,4.234426879981297,6.44285364492613,1.2316234233813736,74639,6,4
"[1, 1, 0, 1, 0, 0, 1, 1, 0, 0]",7.7500689314798175,3.2083851353171933,4.541683796162625,6.40812987975541,1.264710496268053,70916,5,5
"[1, 1, 0, 1, 0, 0, 1, 1, 0, 1]",7.721292245127727,3.47571090904761,4.245581336080117,6.407034686887818,1.2982315732277134,62021,6,4
"[1, 1, 0, 1, 0, 0, 1, 1, 1, 0]",7.580725755529851,3.5385748645424946,4.042150890987356,6.4339138939803515,1.2794243125140463,43168,6,4
"[1, 1, 0, 1, 0, 0, 1, 1, 1, 1]",7.733072280735132,4.127421852718054,3.6056504280170776,6.570275389304784,1.2071889086095209,5901,7,3
"[1, 1, 0, 1, 0, 1, 0, 0, 0, 0]",7.797070719864952,2.5819283761001346,5.215142343764818,6.438313170568591,1.2396676691472166,99279,4,6
"[1, 1, 0, 1, 0, 1, 0, 0, 0, 1]",7.612210853904003,2.9966141850110453,4.615596668892957,6.440455508225331,1.3510978014092452,90437,5,5
"[1, 1, 0, 1, 0, 1, 0, 0, 1, 0]",7.7476218817086675,2.8411838963694254,4.906437985339242,6.409566155422882,1.226149792017147,83124,5,5
"[1, 1, 0, 1, 0, 1, 0, 0, 1, 1]",7.988325940757891,3.63521559647001,4.353110344287881,6.379684155717323,1.3026097462001474,83898,6,4
"[1, 1, 0, 1, 0, 1, 0, 1, 0, 0]",7.612287644523161,3.0025024496951502,4.609785194828011,6.487464999202633,1.2801744637266377,90899,5,5
"[1, 1, 0, 1, 0, 1, 0, 1, 0, 1]",7.6179650616285475,3.5912833274202054,4.026681734208342,6.371232984095479,1.2997639364973117,85684,6,4
"[1, 1, 0, 1, 0, 1, 0, 1, 1, 0]",7.704500668108419,3.275603109202698,4.428897558905721,6.39224154720446,1.1826515801101136,56813,6,4
"[1, 1, 0, 1, 0, 1, 0, 1, 1, 1]",7.402694366278064,4.2410671134653315,3.1616272528127327,6.476463470428892,1.2869015487735305,8963,7,3
"[1, 1, 0, 1, 0, 1, 1, 0, 0, 0]",7.937115516764053,3.019275383834676,4.917840132929378,6.4970681335703295,1.2386834686144954,63233,5,5
"[1, 1, 0, 1, 0, 1, 1, 0, 0, 1]",7.969394981349593,3.5699555143760895,4.3994394669735035,6.427096297709968,1.2462589509134727,65598,6,4
"[1, 1, 0, 1, 0, 1, 1, 0, 1, 0]",7.553374022673194,3.686078705721814,3.8672953169513797,6.469284449801876,1.323452912410748,4693,6,4
"[1, 1, 0, 1, 0, 1, 1, 0, 1, 1]",7.675280221877323,4.2224512872652165,3.452828934612106,6.3394785181054525,1.270999939330485,96080,7,3
"[1, 1, 0, 1, 0, 1, 1, 1, 0, 0]",7.4208747612762425,3.5946643013405017,3.8262104599357407,6.469806282553813,1.2456807139936514,91778,6,4
"[1, 1, 0, 1, 0, 1, 1, 1, 0, 1]",7.3410393534837315,4.130059127375602,3.2109802261081297,6.391340556854561,1.2222825996091142,46254,7,3
"[1, 1, 0, 1, 0, 1, 1, 1, 1, 0]",7.462592146513527,4.345030536400274,3.1175616101132535,6.451280156677818,1.2357772002974348,66167,7,3
"[1, 1, 0, 1, 0, 1, 1, 1, 1, 1]",6.2797724546367135,4.815048337691161,1.4647241169455523,6.3721540746987895,1.2960313589545136,97643,8,2
"[1, 1, 0, 1, 1, 0, 0, 0, 0, 0]",7.720189009627847,2.687112635631869,5.0330763739959785,6.441567975144901,1.2408797367380429,45556,4,6
"[1, 1, 0, 1, 1, 0, 0, 0, 0, 1]",7.8211206279400844,3.1268476724935317,4.694272955446553,6.417895599131681,1.2729103652321803,58802,5,5
"[1, 1, 0, 1, 1, 0, 0, 0, 1, 0]",7.650529535553548,3.123360312129177,4.527169223424371,6.444508779791287,1.1791436237505764,50537,5,5
"[1, 1, 0, 1, 1, 0, 0, 0, 1, 1]",7.715514672231935,3.7720646182909285,3.9434500539410062,6.391946653017306,1.2881791249026173,64365,6,4
"[1, 1, 0, 1, 1, 0, 0, 1, 0, 0]",7.8019952253834,2.887435456757314,4.914559768626086,6.516052528120884,1.2899965015245956,74747,5,5
"[1, 1, 0, 1, 1, 0, 0, 1, 0, 1]",7.751991200000679,3.4240243498681293,4.32796685013255,6.497550423652656,1.2605474129197853,51851,6,4
"[1, 1, 0, 1, 1, 0, 0, 1, 1, 0]",7.855649055949553,3.4747486382374713,4.380900417712082,6.428854431863376,1.2506884009536434,89070,6,4
"[1, 1, 0, 1, 1, 0, 0, 1, 1, 1]",7.510146625365403,4.095819865003793,3.41432676036161,6.518467431551925,1.2271990550354563,84685,7,3
"[1, 1, 0, 1, 1, 0, 1, 0, 0, 0]",7.657641907039089,3.004032906675298,4.653609000363791,6.418435368350944,1.2926564958607576,42725,5,5
"[1, 1, 0, 1, 1, 0, 1, 0, 0, 1]",7.6859313527832,3.1231968658230174,4.562734486960183,6.409682341980866,1.2953701619933518,68472,6,4
"[1, 1, 0, 1, 1, 0, 1, 0, 1, 0]",7.7822673397339335,3.647060420339775,4.135206919394158,6.460772751918338,1.3319067007350243,38177,6,4
"[1, 1, 0, 1, 1, 0, 1, 0, 1, 1]",7.432110284382917,4.221233392430984,3.2108768919519326,6.523928186825048,1.2090073859135144,40968,7,3
"[1, 1, 0, 1, 1, 0, 1, 1, 0, 0]",7.714944920144869,3.4579065277536265,4.257038392391243,6.502275575163453,1.178992969509165,20304,6,4
"[1, 1, 0, 1, 1, 0, 1, 1, 0, 1]",7.568231508725218,4.116429621075883,3.451801887649335,6.491062348247534,1.3631200319029115,75761,7,3
"[1, 1, 0, 1, 1, 0, 1, 1, 1, 0]",7.357046808011689,3.95445282905254,3.4025939789591493,6.5237064240869564,1.3333062036488486,65866,7,3
"[1, 1, 0, 1, 1, 0, 1, 1, 1, 1]",6.65237651458592,4.8039178676465735,1.8484586469393465,6.466329140808719,1.3062560660875,8163,8,2
"[1, 1, 0, 1, 1, 1, 0, 0, 0, 0]",7.875673305594092,3.071170907486821,4.804502398107271,6.384962495859963,1.2658724562093868,65524,5,5
"[1, 1, 0, 1, 1, 1, 0, 0, 0, 1]",7.761507232155946,3.5163642925057657,4.24514293965018,6.506597783785561,1.2779803319312233,35297,6,4
"[1, 1, 0, 1, 1, 1, 0, 0, 1, 0]",7.7365695781346435,3.6658721994833323,4.070697378651311,6.442001678090619,1.280474502396688,87890,6,4
"[1, 1, 0, 1, 1, 1, 0, 0, 1, 1]",7.632865067825725,4.385087610971302,3.247777456854423,6.319213452285007,1.2650281668879693,54988,7,3
"[1, 1, 0, 1, 1, 1, 0, 1, 0, 0]",7.824030162724135,3.612843417943425,4.21118674478071,6.492994786462103,1.2935104701581919,36788,6,4
"[1, 1, 0, 1, 1, 1, 0, 1, 0, 1]",7.150561389008844,4.280936696719823,2.8696246922890216,6.417703290783137,1.2800500922697675,17718,7,3
"[1, 1, 0, 1, 1, 1, 0, 1, 1, 0]",7.530454897245666,4.105065303507441,3.425389593738225,6.473986531544136,1.2390744818228236,3163,7,3
"[1, 1, 0, 1, 1, 1, 0, 1, 1, 1]",6.4495009445244005,4.856574674062314,1.5929262704620868,6.415929998634618,1.2693971198089675,57156,8,2
"[1, 1, 0, 1, 1, 1, 1, 0, 0, 0]",8.082726846489328,3.4344855745487504,4.648241271940577,6.454702647446528,1.282518018722725,10678,6,4
"[1, 1, 0, 1, 1, 1, 1, 0, 0, 1]",7.565892905300174,4.173091648140097,3.3928012571600776,6.5145750606262585,1.233251036175437,76390,7,3
"[1, 1, 0, 1, 1, 1, 1, 0, 1, 0]",7.344859039689037,4.096947138187954,3.2479119015010838,6.3872364271825655,1.2218084343790205,61674,7,3
"[1, 1, 0, 1, 1, 1, 1, 0, 1, 1]",6.7357112440812354,4.761003483685128,1.9747077603961074,6.437800850080591,1.2487755281374844,13780,8,2
"[1, 1, 0, 1, 1, 1, 1, 1, 0, 0]",7.812110258544528,4.0410008344709665,3.771109424073561,6.3586740149731975,1.2008644169985505,32045,7,3
"[1, 1, 0, 1, 1, 1, 1, 1, 0, 1]",6.782150305817952,5.0644979395493985,1.7176523662685534,6.394205187824562,1.3486903815776554,35866,8,2
"[1, 1, 0, 1, 1, 1, 1, 1, 1, 0]",6.700714769558607,4.730923449638934,1.9697913199196728,6.397566445470796,1.2354822372767749,41107,8,2
"[1, 1, 0, 1, 1, 1, 1, 1, 1, 1]",4.211267373410884,4.989341526284623,-0.7780741528737387,6.322708426947641,1.261677375412293,88639,9,1
"[1, 1, 1, 0, 0, 0, 0, 0, 0, 0]",7.604733387349298,2.442053305257973,5.162680082091325,6.429818291858586,1.2926583619363083,31443,3,7
"[1, 1, 1, 0, 0, 0, 0, 0, 0, 1]",7.823789460399349,2.6590846836021687,5.164704776797181,6.337854847122906,1.2849249986726456,49097,4,6
"[1, 1, 1, 0, 0, 0, 0, 0, 1, 0]",7.96988513253533,2.6455594986232627,5.324325633912068,6.475979973707598,1.2433694404799314,99615,4,6
"[1, 1, 1, 0, 0, 0, 0, 0, 1, 1]",7.9417758565671575,3.2094665501414092,4.732309306425748,6.46925652860275,1.23734279489589,50166,5,5
"[1, 1, 1, 0, 0, 0, 0, 1, 0, 0]",8.068530276978864,2.64632450151794,5.422205775460924,6.466425026970303,1.2045265773411586,55744,4,6
"[1, 1, 1, 0, 0, 0, 0, 1, 0, 1]",7.821620456061398,2.9784678063272163,4.843152649734181,6.4503453342205646,1.2004933666982123,18377,5,5
"[1, 1, 1, 0, 0, 0, 0, 1, 1, 0]",7.832032634271637,3.204330493426121,4.627702140845516,6.4190500453364585,1.313030303014797,65910,5,5
"[1, 1, 1, 0, 0, 0, 0, 1, 1, 1]",7.76107622222875,3.4874367853006802,4.27363943692807,6.421671183844445,1.2397777684136033,12869,6,4
"[1, 1, 1, 0, 0, 0, 1, 0, 0, 0]",7.819122084182982,2.504112935932366,5.315009148250615,6.450494469682705,1.2474983335085033,18242,4,6
"[1, 1, 1, 0, 0, 0, 1, 0, 0, 1]",7.603143893997638,2.697080067512092,4.906063826485546,6.2841850733630285,1.223162658273208,65672,5,5
"[1, 1, 1, 0, 0, 0, 1, 0, 1, 0]",7.756963279636196,2.913901214699601,4.8430620649365945,6.485476188377281,1.2196895148707991,90511,5,5
"[1, 1, 1, 0, 0, 0, 1, 0, 1, 1]",7.472927566652456,3.429368551361543,4.0435590152909135,6.412937384331754,1.2896391205720426,92347,6,4
"[1, 1, 1, 0, 0, 0, 1, 1, 0, 0]",7.687006357065826,2.982351768707857,4.704654588357969,6.4131856097540005,1.3351567440918726,90644,5,5
"[1, 1, 1, 0, 0, 0, 1, 1, 0, 1]",7.867496874024722,3.3348330129412322,4.53266386108349,6.333099113596884,1.252953343464322,18467,6,4
"[1, 1, 1, 0, 0, 0, 1, 1, 1, 0]",7.633517738791172,3.733231448021357,3.900286290769815,6.406715834140198,1.347351791163795,86739,6,4
"[1, 1, 1, 0, 0, 0, 1, 1, 1, 1]",7.393396174243262,4.073062646436985,3.3203335278062767,6.36025977536327,1.334639181702289,87785,7,3
"[1, 1, 1, 0, 0, 1, 0, 0, 0, 0]",7.901233248150285,2.711307348946649,5.189925899203636,6.375066100727238,1.2627055791317567,84340,4,6
"[1, 1, 1, 0, 0, 1, 0, 0, 0, 1]",8.017418276434329,3.0096584587866597,5.007759817647669,6.465758873932296,1.2118029257484668,85555,5,5
"[1, 1, 1, 0, 0, 1, 0, 0, 1, 0]",7.980270747933347,2.9283772102205416,5.051893537712806,6.403378684784892,1.212858793217667,11748,5,5
"[1, 1, 1, 0, 0, 1, 0, 0, 1, 1]",8.113942267217778,3.4740566434319073,4.6398856237858705,6.492971746316481,1.2232202960278948,41812,6,4
"[1, 1, 1, 0, 0, 1, 0, 1, 0, 0]",8.215165381071479,2.8291559184812196,5.386009462590259,6.5887953120540095,1.2470972989712539,1071,5,5
"[1, 1, 1, 0, 0, 1, 0, 1, 0, 1]",7.715386938632447,3.716707170689282,3.998679767943165,6.4920499083849865,1.2738686504504722,80363,6,4
"[1, 1, 1, 0, 0, 1, 0, 1, 1, 0]",7.5328880754189615,3.741519923945894,3.7913681514730677,6.3913037244639845,1.230623849246733,80009,6,4
"[1, 1, 1, 0, 0, 1, 0, 1, 1, 1]",7.5008072060546125,4.337793752764357,3.1630134532902554,6.325112495994942,1.2996659715280425,42453,7,3
"[1, 1, 1, 0, 0, 1, 1, 0, 0, 0]",7.710260609226251,2.8490651176172523,4.861195491608998,6.413121243572039,1.2827142046950055,60415,5,5
"[1, 1, 1, 0, 0, 1, 1, 0, 0, 1]",7.605784996807322,3.6480776586300334,3.9577073381772885,6.433473862911955,1.2364488028491472,77841,6,4
"[1, 1, 1, 0, 0, 1, 1, 0, 1, 0]",7.857830944526916,3.2016711009993912,4.656159843527525,6.376093391513853,1.2355942078343842,24692,6,4
"[1, 1, 1, 0, 0, 1, 1, 0, 1, 1]",7.594861669607491,4.026034369145962,3.568827300461529,6.380677570117935,1.2744668795684189,4367,7,3
"[1, 1, 1, 0, 0, 1, 1, 1, 0, 0]",7.77908350713382,3.502778974152589,4.276304532981231,6.430199406303644,1.2244308436077018,92574,6,4
"[1, 1, 1, 0, 0, 1, 1, 1, 0, 1]",6.773939594471914,4.302499342873233,2.471440251598681,6.410629061110011,1.2268654985319094,52263,7,3
"[1, 1, 1, 0, 0, 1, 1, 1, 1, 0]",7.494327875586346,3.9416486193443783,3.5526792562419676,6.425930829725064,1.2190961950175774,72233,7,3
"[1, 1, 1, 0, 0, 1, 1, 1, 1, 1]",6.464778912749276,4.7319802205340435,1.7327986922152325,6.389048238421294,1.2672085743498012,48513,8,2
"[1, 1, 1, 0, 1, 0, 0, 0, 0, 0]",8.072442334857637,2.6839787791640823,5.388463555693555,6.523792085097969,1.1274549980157011,47714,4,6
"[1, 1, 1, 0, 1, 0, 0, 0, 0, 1]",8.03856410918894,3.006375940307247,5.032188168881692,6.543524459016189,1.2232637055834426,72052,5,5
"[1, 1, 1, 0, 1, 0, 0, 0, 1, 0]",7.916652538302438,3.0263480150611373,4.890304523241301,6.433556941994269,1.2120721340524012,37066,5,5
"[1, 1, 1, 0, 1, 0, 0, 0, 1, 1]",7.591754212018478,3.4898088282615105,4.101945383756968,6.325385680195496,1.228677343741296,9421,6,4
"[1, 1, 1, 0, 1, 0, 0, 1, 0, 0]",7.939120454727586,3.063367312261582,4.875753142466005,6.40787265746654,1.2655165373966681,99267,5,5
"[1, 1, 1, 0, 1, 0, 0, 1, 0, 1]",7.972046166939571,3.353989695319619,4.618056471619952,6.441154708618827,1.2251418507360141,92562,6,4
"[1, 1, 1, 0, 1, 0, 0, 1, 1, 0]",7.853873812686039,3.433891670578324,4.419982142107715,6.373109925156515,1.252997775506103,28579,6,4
"[1, 1, 1, 0, 1, 0, 0, 1, 1, 1]",7.512998506152025,4.254197094534816,3.258801411617209,6.395273836499565,1.2902764331372658,16873,7,3
"[1, 1, 1, 0, 1, 0, 1, 0, 0, 0]",7.846834868826779,2.9462069320544906,4.900627936772288,6.461591219188966,1.3013587839208336,53644,5,5
"[1, 1, 1, 0, 1, 0, 1, 0, 0, 1]",7.864494714290604,3.478915965039195,4.385578749251409,6.495500159477981,1.1875128432500806,6330,6,4
"[1, 1, 1, 0, 1, 0, 1, 0, 1, 0]",7.6836060125454315,3.3650375401829584,4.3185684723624735,6.425260712623283,1.2421039167914212,9675,6,4
"[1, 1, 1, 0, 1, 0, 1, 0, 1, 1]",7.42405111485951,4.247410882016113,3.176640232843397,6.340647281261846,1.2448488855842368,9056,7,3
"[1, 1, 1, 0, 1, 0, 1, 1, 0, 0]",8.018286714165772,3.4418298027825065,4.576456911383265,6.419255995850829,1.1599269382695867,64853,6,4
"[1, 1, 1, 0, 1, 0, 1, 1, 0, 1]",7.019882217229149,4.249102110176511,2.770780107052638,6.477142099548897,1.3144656696134605,60715,7,3
"[1, 1, 1, 0, 1, 0, 1, 1, 1, 0]",7.712960266912146,4.14326532213288,3.5696949447792665,6.390278816615526,1.2209743272105853,82308,7,3
"[1, 1, 1, 0, 1, 0, 1, 1, 1, 1]",6.440174431750234,5.017719499742836,1.4224549320073976,6.418147820602322,1.282172133763514,5992,8,2
"[1, 1, 1, 0, 1, 1, 0, 0, 0, 0]",8.002069779295454,2.8633067252280684,5.138763054067385,6.474544068184576,1.2655748285002988,93136,5,5
"[1, 1, 1, 0, 1, 1, 0, 0, 0, 1]",7.982921114738277,3.4817424736557254,4.501178641082552,6.4012264642666645,1.2517522840897077,78313,6,4
"[1, 1, 1, 0, 1, 1, 0, 0, 1, 0]",8.053894494508116,3.394304644494989,4.659589850013127,6.487759179788194,1.2527592382742545,36211,6,4
"[1, 1, 1, 0, 1, 1, 0, 0, 1, 1]",7.7109488580086305,4.230675260309164,3.4802735976994663,6.461190104776279,1.2774881985387527,94942,7,3
"[1, 1, 1, 0, 1, 1, 0, 1, 0, 0]",8.081152164768534,3.3333129837463633,4.7478391810221705,6.4573598539836645,1.2295860366442701,30239,6,4
"[1, 1, 1, 0, 1, 1, 0, 1, 0, 1]",7.313283634059215,4.170565207778122,3.1427184262810934,6.344793662257295,1.2594421708761463,70960,7,3
"[1, 1, 1, 0, 1, 1, 0, 1, 1, 0]",7.2734933970856765,4.024188757449207,3.2493046396364695,6.466629062653987,1.2357994071297957,25656,7,3
"[1, 1, 1, 0, 1, 1, 0, 1, 1, 1]",6.659415911063899,4.754223398285228,1.9051925127786706,6.406555295914002,1.2996821841607245,80438,8,2
"[1, 1, 1, 0, 1, 1, 1, 0, 0, 0]",7.6950719262939495,3.25571778268533,4.43935414360862,6.390026342277037,1.283650211498956,97608,6,4
"[1, 1, 1, 0, 1, 1, 1, 0, 0, 1]",7.312774023200005,4.23226730353554,3.0805067196644647,6.356897675558029,1.2683999026566743,95458,7,3
"[1, 1, 1, 0, 1, 1, 1, 0, 1, 0]",7.3655913622114895,4.088366746577313,3.277224615634177,6.462951523110568,1.277463663861252,60006,7,3
"[1, 1, 1, 0, 1, 1, 1, 0, 1, 1]",6.630290108130985,4.710782341683202,1.9195077664477829,6.350015065347081,1.1864228631719311,13903,8,2
"[1, 1, 1, 0, 1, 1, 1, 1, 0, 0]",7.42438083628589,4.297850484485591,3.126530351800299,6.451068263421268,1.265921808007613,21578,7,3
"[1, 1, 1, 0, 1, 1, 1, 1, 0, 1]",6.358942607278245,4.810277007244361,1.5486656000338845,6.417341319313062,1.2579649936002584,25937,8,2
"[1, 1, 1, 0, 1, 1, 1, 1, 1, 0]",6.63566808060067,4.8680821222050765,1.7675859583955935,6.50604585772395,1.2959464214738878,17832,8,2
"[1, 1, 1, 0, 1, 1, 1, 1, 1, 1]",4.631897888087944,5.317784494163191,-0.6858866060752469,6.485378393629033,1.2053007171427803,28615,9,1
"[1, 1, 1, 1, 0, 0, 0, 0, 0, 0]",7.912288563414623,2.664601715094842,5.2476868483197805,6.459938177082863,1.2460747499020042,87844,4,6
"[1, 1, 1, 1, 0, 0, 0, 0, 0, 1]",7.802616831639784,3.0049582097404803,4.797658621899304,6.347930146172366,1.2375021941339073,54670,5,5
"[1, 1, 1, 1, 0, 0, 0, 0, 1, 0]",8.081940092531237,2.688411250208614,5.393528842322623,6.439959579901932,1.1105987235551062,74617,5,5
"[1, 1, 1, 1, 0, 0, 0, 0, 1, 1]",7.765667595102719,3.3645897327988177,4.401077862303901,6.320498869778693,1.188836934355643,98649,6,4
"[1, 1, 1, 1, 0, 0, 0, 1, 0, 0]",7.843651477822487,3.0898118528516814,4.753839624970805,6.489246828867589,1.1837495350668286,16598,5,5
"[1, 1, 1, 1, 0, 0, 0, 1, 0, 1]",7.712395027221838,3.2098315958269783,4.50256343139486,6.436933355229795,1.2669172059253564,45860,6,4
"[1, 1, 1, 1, 0, 0, 0, 1, 1, 0]",7.641459631490332,3.558449257489856,4.083010374000477,6.397087811411278,1.2284792875001216,93397,6,4
"[1, 1, 1, 1, 0, 0, 0, 1, 1, 1]",7.595382691816701,4.093821891404734,3.5015608004119665,6.46987815050502,1.22599907150415,30716,7,3
"[1, 1, 1, 1, 0, 0, 1, 0, 0, 0]",8.075000180454962,3.1380042392349683,4.936995941219994,6.485277207030951,1.213440309348474,86657,5,5
"[1, 1, 1, 1, 0, 0, 1, 0, 0, 1]",8.124213070618474,3.4713592636763906,4.652853806942083,6.40700235409246,1.25891397168093,33286,6,4
"[1, 1, 1, 1, 0, 0, 1, 0, 1, 0]",7.7252203894440115,3.3883738015911833,4.336846587852828,6.461954340041778,1.231438910221456,63470,6,4
"[1, 1, 1, 1, 0, 0, 1, 0, 1, 1]",7.3946618224036404,4.1829574931234434,3.211704329280197,6.394708472671621,1.330632492102165,65983,7,3
"[1, 1, 1, 1, 0, 0, 1, 1, 0, 0]",7.952980725553305,3.6007744192747246,4.35220630627858,6.5397762436242335,1.2784038245904092,21235,6,4
"[1, 1, 1, 1, 0, 0, 1, 1, 0, 1]",7.494611935876088,3.9901172258196245,3.504494710056463,6.492721878806344,1.1835465183530822,89205,7,3
"[1, 1, 1, 1, 0, 0, 1, 1, 1, 0]",7.307527047540852,4.087520424883581,3.2200066226572703,6.333212109403575,1.2691909930261043,55643,7,3
"[1, 1, 1, 1, 0, 0, 1, 1, 1, 1]",6.708676788053041,4.757094116489841,1.9515826715631999,6.349086239255452,1.2174897438838956,16037,8,2
"[1, 1, 1, 1, 0, 1, 0, 0, 0, 0]",7.985584454948567,2.6177018137999686,5.367882641148599,6.378468643661027,1.2159290150809352,58410,5,5
"[1, 1, 1, 1, 0, 1, 0, 0, 0, 1]",8.2857409764709,3.7319093393910046,4.553831637079895,6.521913960662967,1.301336804052281,87686,6,4
"[1, 1, 1, 1, 0, 1, 0, 0, 1, 0]",7.837242140071307,3.388940808988675,4.448301331082632,6.390489584408323,1.237851160364429,58935,6,4
"[1, 1, 1, 1, 0, 1, 0, 0, 1, 1]",7.485163593713376,4.248786848448191,3.2363767452651855,6.315265580056722,1.2550809699363634,55212,7,3
"[1, 1, 1, 1, 0, 1, 0, 1, 0, 0]",7.926276233687142,3.2917014350440823,4.63457479864306,6.400865294952873,1.2154950365209003,36628,6,4
"[1, 1, 1, 1, 0, 1, 0, 1, 0, 1]",7.562066882329712,4.2019394127885565,3.3601274695411556,6.437649930644716,1.2940578823485511,20219,7,3
"[1, 1, 1, 1, 0, 1, 0, 1, 1, 0]",7.859662146916653,3.9985139552539666,3.8611481916626866,6.367166546245268,1.229924574811562,6031,7,3
"[1, 1, 1, 1, 0, 1, 0, 1, 1, 1]",6.206842270431244,5.022876316766337,1.1839659536649068,6.48825254989249,1.2295643786576234,52443,8,2
"[1, 1, 1, 1, 0, 1, 1, 0, 0, 0]",7.961389915480188,3.2962156693394435,4.665174246140745,6.369926243624711,1.2299402715419259,69650,6,4
"[1, 1, 1, 1, 0, 1, 1, 0, 0, 1]",7.513019154174839,4.101493560638948,3.411525593535891,6.434840721574497,1.2547989721487336,70855,7,3
"[1, 1, 1, 1, 0, 1, 1, 0, 1, 0]",7.7287098389562345,4.113111643020507,3.6155981959357275,6.466228712872733,1.2892542285612723,17533,7,3
"[1, 1, 1, 1, 0, 1, 1, 0, 1, 1]",6.279495845818854,4.733863048694375,1.5456327971244788,6.383422046927773,1.2494364504821382,82019,8,2
"[1, 1, 1, 1, 0, 1, 1, 1, 0, 0]",7.36514018408574,3.8681519133322815,3.4969882707534583,6.454129602516184,1.2330269909493543,61963,7,3
"[1, 1, 1, 1, 0, 1, 1, 1, 0, 1]",6.546404288107944,4.899842390061767,1.6465618980461763,6.419015302335192,1.250240941995892,53639,8,2
"[1, 1, 1, 1, 0, 1, 1, 1, 1, 0]",6.468162067754067,4.92754382155195,1.5406182462021167,6.53223237435003,1.2553379606741297,5833,8,2
"[1, 1, 1, 1, 0, 1, 1, 1, 1, 1]",4.482049377473889,5.224505980177745,-0.7424566027038555,6.520147009242441,1.3094557423284359,63325,9,1
"[1, 1, 1, 1, 1, 0, 0, 0, 0, 0]",7.8813426056206515,3.0922478128989606,4.789094792721691,6.3818532291076915,1.2596267447093052,69400,5,5
"[1, 1, 1, 1, 1, 0, 0, 0, 0, 1]",7.8145430291547395,3.3932605092268666,4.421282519927873,6.429223475471337,1.2342466133290035,31550,6,4
"[1, 1, 1, 1, 1, 0, 0, 0, 1, 0]",7.9587343143390346,3.4043012278423794,4.554433086496655,6.3565118418924555,1.2625829061446343,40917,6,4
"[1, 1, 1, 1, 1, 0, 0, 0, 1, 1]",7.910209525747685,4.163840898833136,3.746368626914549,6.573042139814757,1.275801115652659,56633,7,3
"[1, 1, 1, 1, 1, 0, 0, 1, 0, 0]",7.944414836119863,3.384673973482914,4.559740862636949,6.458723537825766,1.2244903651691226,31578,6,4
"[1, 1, 1, 1, 1, 0, 0, 1, 0, 1]",7.560515437441922,4.089969564263568,3.470545873178354,6.411252567879658,1.340881125049568,58965,7,3
"[1, 1, 1, 1, 1, 0, 0, 1, 1, 0]",7.974909410460371,4.018702189841522,3.9562072206188486,6.5911583552501565,1.2661485875006229,64168,7,3
"[1, 1, 1, 1, 1, 0, 0, 1, 1, 1]",6.9918018656974334,4.934843176570101,2.056958689127333,6.445674293802072,1.260422257152651,68158,8,2
"[1, 1, 1, 1, 1, 0, 1, 0, 0, 0]",8.022825083541456,3.4421802097766507,4.580644873764805,6.453709392232785,1.2721418334111259,35772,6,4
"[1, 1, 1, 1, 1, 0, 1, 0, 0, 1]",7.704403412030356,4.006887258741315,3.6975161532890404,6.412056335942398,1.3246126659931916,98402,7,3
"[1, 1, 1, 1, 1, 0, 1, 0, 1, 0]",7.393500545589771,4.2439843244276,3.1495162211621714,6.389618435313972,1.2449248977161114,93340,7,3
"[1, 1, 1, 1, 1, 0, 1, 0, 1, 1]",6.848779457516634,4.705584453119515,2.1431950043971186,6.336111418583706,1.274259622388565,95745,8,2
"[1, 1, 1, 1, 1, 0, 1, 1, 0, 0]",7.7235624897989075,4.199937926805822,3.523624562993086,6.493919265693856,1.1973719367162132,29798,7,3
"[1, 1, 1, 1, 1, 0, 1, 1, 0, 1]",6.782348420726815,4.7689350748448245,2.0134133458819905,6.381514379671126,1.1834746345357003,85683,8,2
"[1, 1, 1, 1, 1, 0, 1, 1, 1, 0]",6.393612148414553,4.921649735898535,1.4719624125160173,6.385940643470197,1.1916969251182468,38798,8,2
"[1, 1, 1, 1, 1, 0, 1, 1, 1, 1]",4.692891327104743,5.200137804811711,-0.5072464777069685,6.428680570509188,1.2078953921171776,76368,9,1
"[1, 1, 1, 1, 1, 1, 0, 0, 0, 0]",7.926722250986068,3.3444224671331577,4.5822997838529105,6.415676256471563,1.2452870554160425,87204,6,4
"[1, 1, 1, 1, 1, 1, 0, 0, 0, 1]",7.773514077302118,3.908531402090401,3.864982675211717,6.412321611970302,1.2484488270885674,11363,7,3
"[1, 1, 1, 1, 1, 1, 0, 0, 1, 0]",7.362516026273536,4.102932211908258,3.2595838143652776,6.512790995894313,1.232022709433259,9569,7,3
"[1, 1, 1, 1, 1, 1, 0, 0, 1, 1]",6.871809231129147,4.883623995608041,1.9881852355211054,6.5143862570701945,1.2657356166971234,48385,8,2
"[1, 1, 1, 1, 1, 1, 0, 1, 0, 0]",8.00798693320049,3.990293133302528,4.0176937998979625,6.493086201811724,1.2859501783855958,49110,7,3
"[1, 1, 1, 1, 1, 1, 0, 1, 0, 1]",7.084812945661116,4.959668922722725,2.1251440229383913,6.434158832047712,1.2131614364547216,82290,8,2
"[1, 1, 1, 1, 1, 1, 0, 1, 1, 0]",6.742362197344188,4.813722093726457,1.928640103617731,6.489515755935009,1.2332597674902068,56617,8,2
"[1, 1, 1, 1, 1, 1, 0, 1, 1, 1]",4.9738461619222445,5.544574006025395,-0.5707278441031507,6.516340436860425,1.2956859513092225,15058,9,1
"[1, 1, 1, 1, 1, 1, 1, 0, 0, 0]",7.923150100653943,4.0668240156050475,3.856326085048895,6.4488347881355965,1.3151869310597277,18870,7,3
"[1, 1, 1, 1, 1, 1, 1, 0, 0, 1]",6.681143802130029,4.672220921846534,2.008922880283495,6.43609415398522,1.3329180911747955,62306,8,2
"[1, 1, 1, 1, 1, 1, 1, 0, 1, 0]",6.83942528302838,4.760723093492843,2.0787021895355364,6.421078352271407,1.233692834895651,97894,8,2
"[1, 1, 1, 1, 1, 1, 1, 0, 1, 1]",4.757893790879356,5.388358019876906,-0.6304642289975497,6.516238275642619,1.2964983457445254,53646,9,1
"[1, 1, 1, 1, 1, 1, 1, 1, 0, 0]",7.076651322874362,5.038465157440171,2.0381861654341913,6.487093125437464,1.3080238222452112,86007,8,2
"[1, 1, 1, 1, 1, 1, 1, 1, 0, 1]",4.242935562149117,5.206467877975668,-0.9635323158265514,6.4023710942444465,1.3330628655240588,27800,9,1
"[1, 1, 1, 1, 1, 1, 1, 1, 1, 0]",4.376876686812235,5.31620277769299,-0.9393260908807548,6.549348706446717,1.2672053709130404,87722,9,1
"[1, 1, 1, 1, 1, 1, 1, 1, 1, 1]",0.0,0.0,0.0,6.531882235248271,1.2333310707079335,75332,10,0
"[1, 0, 0, 0, 0, 0, 0, 0, 0, 0]",7.11471245339561,2.4139537450687927,4.700758708326817,6.43160438392574,1.18045384590796,16902,1,9
"[1, 0, 0, 0, 0, 0, 0, 0, 0, 1]",7.203641389248438,2.4659147055772976,4.7377266836711405,6.397444857187159,1.2339245293912577,7036,2,8
"[1, 0, 0, 0, 0, 0, 0, 0, 1, 0]",7.324791324974672,2.5628392978761445,4.761952027098528,6.4183793513471885,1.2676403266849166,92680,2,8
"[1, 0, 0, 0, 0, 0, 0, 0, 1, 1]",7.365177854035053,2.9257260513962065,4.439451802638847,6.335514000770702,1.2875099266263332,96782,3,7
"[1, 0, 0, 0, 0, 0, 0, 1, 0, 0]",7.172780684855804,2.6318677494958598,4.540912935359944,6.503421329518645,1.2245336412594618,32801,2,8
"[1, 0, 0, 0, 0, 0, 0, 1, 0, 1]",7.343416437524089,2.7199296290529937,4.623486808471096,6.320968965605014,1.2687434574669536,80277,3,7
"[1, 0, 0, 0, 0, 0, 0, 1, 1, 0]",7.457213116527275,2.7433671890453666,4.713845927481909,6.535574500515027,1.270047987404856,71008,3,7
"[1, 0, 0, 0, 0, 0, 0, 1, 1, 1]",7.5460401004266675,3.1845850921747396,4.361455008251928,6.353481530490827,1.2858068244023342,94059,4,6
"[1, 0, 0, 0, 0, 0, 1, 0, 0, 0]",7.373763951685177,2.6854937617599557,4.6882701899252215,6.47920085723289,1.1998298216751035,26166,2,8
"[1, 0, 0, 0, 0, 0, 1, 0, 0, 1]",7.337232768154867,2.6294871661121086,4.707745602042758,6.398194372862405,1.2370784004220383,95842,3,7
"[1, 0, 0, 0, 0, 0, 1, 0, 1, 0]",7.426641027123162,2.891747110987202,4.53489391613596,6.423397280398333,1.2863740203233465,47398,3,7
"[1, 0, 0, 0, 0, 0, 1, 0, 1, 1]",7.742233893856296,3.030957707644386,4.71127618621191,6.556191647489722,1.3239773139627793,66196,4,6
"[1, 0, 0, 0, 0, 0, 1, 1, 0, 0]",7.442818926943261,2.6186703039757653,4.8241486229674955,6.4175229524290645,1.289485760576928,58848,3,7
"[1, 0, 0, 0, 0, 0, 1, 1, 0, 1]",7.396493726909177,2.9411549213658454,4.455338805543331,6.420620450689515,1.1901797836204788,7068,4,6
"[1, 0, 0, 0, 0, 0, 1, 1, 1, 0]",7.395491438516823,3.104162414536722,4.291329023980101,6.40622306822024,1.2270757550826847,65851,4,6
"[1, 0, 0, 0, 0, 0, 1, 1, 1, 1]",7.750040911083764,3.3922196540381027,4.357821257045662,6.469038578061919,1.2357217412588142,35820,5,5
"[1, 0, 0, 0, 0, 1, 0, 0, 0, 0]",7.182958114788132,2.5392944568954556,4.643663657892676,6.3950198474659645,1.2671877313649296,98149,2,8
"[1, 0, 0, 0, 0, 1, 0, 0, 0, 1]",7.568574220640803,2.9193743005420507,4.649199920098752,6.483860930275037,1.3279394745804176,5050,3,7
"[1, 0, 0, 0, 0, 1, 0, 0, 1, 0]",7.439083730593773,2.635470827641275,4.803612902952498,6.4329960408921725,1.25009690934567,44080,3,7
"[1, 0, 0, 0, 0, 1, 0, 0, 1, 1]",7.712760390934915,2.7871756394406617,4.925584751494253,6.423172551752935,1.1381632320749135,42873,4,6
"[1, 0, 0, 0, 0, 1, 0, 1, 0, 0]",7.331315911955083,2.6566235920741157,4.674692319880967,6.488258638157274,1.281432525407354,95625,3,7
"[1, 0, 0, 0, 0, 1, 0, 1, 0, 1]",7.5325662086448295,3.0701513978312924,4.462414810813537,6.485510059352015,1.3697933852308701,56244,4,6
"[1, 0, 0, 0, 0, 1, 0, 1, 1, 0]",7.759972899069529,3.0085812176289197,4.75139168144061,6.363602127384653,1.2256184304714373,2105,4,6
"[1, 0, 0, 0, 0, 1, 0, 1, 1, 1]",7.291792627907989,3.2159430812989562,4.0758495466090325,6.396648306734205,1.270965467763062,70737,5,5
"[1, 0, 0, 0, 0, 1, 1, 0, 0, 0]",7.33889859684043,2.559507218560099,4.779391378280331,6.421598609624775,1.1950522942647819,43690,3,7
"[1, 0, 0, 0, 0, 1, 1, 0, 0, 1]",7.526548956038451,2.9383172013122096,4.588231754726241,6.376104964182117,1.2356735950756113,12524,4,6
"[1, 0, 0, 0, 0, 1, 1, 0, 1, 0]",7.475157536134779,2.903750956547016,4.571406579587762,6.454914921245706,1.248403679133305,5030,4,6
"[1, 0, 0, 0, 0, 1, 1, 0, 1, 1]",7.794212346612761,3.288155978690667,4.506056367922094,6.4745248904879995,1.2001489380716395,88202,5,5
"[1, 0, 0, 0, 0, 1, 1, 1, 0, 0]",7.586454463228051,3.1221415225593394,4.464312940668712,6.429590558809553,1.2211260591541844,24036,4,6
"[1, 0, 0, 0, 0, 1, 1, 1, 0, 1]",7.704377378014808,3.2676961084330753,4.436681269581733,6.431392112415823,1.1598720946356806,25280,5,5
"[1, 0, 0, 0, 0, 1, 1, 1, 1, 0]",7.574967920387951,3.3390316023880304,4.23593631799992,6.385690102160661,1.260685652125262,27297,5,5
"[1, 0, 0, 0, 0, 1, 1, 1, 1, 1]",7.605993172253657,3.9181554114328705,3.687837760820787,6.490001843650952,1.2517889321068183,45804,6,4
"[1, 0, 0, 0, 1, 0, 0, 0, 0, 0]",7.128069844320366,2.5025709732676464,4.625498871052719,6.451316341428735,1.3351663055792462,17159,2,8
"[1, 0, 0, 0, 1, 0, 0, 0, 0, 1]",7.400780430800856,2.686779920405252,4.7140005103956035,6.4633338768342705,1.2977252565888506,31995,3,7
"[1, 0, 0, 0, 1, 0, 0, 0, 1, 0]",7.4437345156751995,2.6992336577440756,4.744500857931124,6.415455133003419,1.2171085391152365,75031,3,7
"[1, 0, 0, 0, 1, 0, 0, 0, 1, 1]",7.440634949245122,2.93641843481955,4.504216514425572,6.386973257438435,1.253822152540828,89087,4,6
"[1, 0, 0, 0, 1, 0, 0, 1, 0, 0]",7.384856058951582,2.6468314521266367,4.738024606824945,6.475187231799055,1.2167872919929141,64481,3,7
"[1, 0, 0, 0, 1, 0, 0, 1, 0, 1]",7.4171555099525195,2.9224222377369915,4.494733272215528,6.36082002847592,1.2190729043560207,85633,4,6
"[1, 0, 0, 0, 1, 0, 0, 1, 1, 0]",7.410572315468832,2.8974190584945534,4.513153256974278,6.392604883381056,1.250949919361533,14723,4,6
"[1, 0, 0, 0, 1, 0, 0, 1, 1, 1]",7.766602024774721,3.368481791781141,4.39812023299358,6.357797658050768,1.175699703534377,59623,5,5
"[1, 0, 0, 0, 1, 0, 1, 0, 0, 0]",7.331847268533105,2.553369922651214,4.778477345881891,6.367451148219412,1.2162705074106988,320,3,7
"[1, 0, 0, 0, 1, 0, 1, 0, 0, 1]",7.560357653767844,2.944689898006595,4.615667755761249,6.365022326212476,1.2353158054410887,97421,4,6
"[1, 0, 0, 0, 1, 0, 1, 0, 1, 0]",7.392099920178305,2.9321241480546885,4.459975772123617,6.41395140460587,1.288663022605431,695,4,6
"[1, 0, 0, 0, 1, 0, 1, 0, 1, 1]",7.4363521267025,3.0798060579430735,4.356546068759426,6.455488591653224,1.2888078726811472,74196,5,5
"[1, 0, 0, 0, 1, 0, 1, 1, 0, 0]",7.351114976758751,2.893980266608994,4.457134710149758,6.422232490365856,1.2195509581943904,57594,4,6
"[1, 0, 0, 0, 1, 0, 1, 1, 0, 1]",7.444846520607379,3.298568085265871,4.146278435341507,6.3639226904099235,1.2352062913201305,1793,5,5
"[1, 0, 0, 0, 1, 0, 1, 1, 1, 0]",7.804650370331334,3.3055576697446343,4.4990927005867,6.421398257538919,1.2784436287435463,1113,5,5
"[1, 0, 0, 0, 1, 0, 1, 1, 1, 1]",7.985126979737645,3.9785986267331612,4.006528353004484,6.540743727855964,1.2724537956767226,4530,6,4
"[1, 0, 0, 0, 1, 1, 0, 0, 0, 0]",7.44438564610327,2.670834702933763,4.773550943169507,6.455678136630915,1.1522775775839065,21948,3,7
"[1, 0, 0, 0, 1, 1, 0, 0, 0, 1]",7.525406775870854,2.879583495174129,4.645823280696725,6.512790995894313,1.232022709433259,9569,4,6
"[1, 0, 0, 0, 1, 1, 0, 0, 1, 0]",7.5552956474988795,3.006707610918163,4.548588036580716,6.5143862570701945,1.2657356166971234,48385,4,6
"[1, 0, 0, 0, 1, 1, 0, 0, 1, 1]",7.745735285652808,3.3149879097252763,4.430747375927531,6.493086201811724,1.2859501783855958,49110,5,5
"[1, 0, 0, 0, 1, 1, 0, 1, 0, 0]",7.392332314051008,2.829280126756143,4.563052187294865,6.434158832047712,1.2131614364547216,82290,4,6
"[1, 0, 0, 0, 1, 1, 0, 1, 0, 1]",7.511061474089881,3.246077505943108,4.2649839681467725,6.489515755935009,1.2332597674902068,56617,5,5
"[1, 0, 0, 0, 1, 1, 0, 1, 1, 0]",7.700531383500626,3.341348182944847,4.359183200555779,6.516340436860425,1.2956859513092225,15058,5,5
"[1, 0, 0, 0, 1, 1, 0, 1, 1, 1]",7.502181525489331,3.580018636946345,3.9221628885429864,6.4488347881355965,1.3151869310597277,18870,6,4
"[1, 0, 0, 0, 1, 1, 1, 0, 0, 0]",7.486495698291825,3.1455250678595776,4.340970630432247,6.43609415398522,1.3329180911747955,62306,4,6
"[1, 0, 0, 0, 1, 1, 1, 0, 0, 1]",7.655669082239719,3.3609620568352976,4.294707025404421,6.421078352271407,1.233692834895651,97894,5,5
"[1, 0, 0, 0, 1, 1, 1, 0, 1, 0]",7.653624763600634,3.1086954363764834,4.544929327224151,6.516238275642619,1.2964983457445254,53646,5,5
"[1, 0, 0, 0, 1, 1, 1, 0, 1, 1]",7.618695421387621,4.04266191872284,3.5760335026647807,6.487093125437464,1.3080238222452112,86007,6,4
"[1, 0, 0, 0, 1, 1, 1, 1, 0, 0]",7.5271520413737845,3.416429013549339,4.110723027824445,6.4023710942444465,1.3330628655240588,27800,5,5
"[1, 0, 0, 0, 1, 1, 1, 1, 0, 1]",7.7920526516861734,3.7398027047448132,4.052249946941361,6.549348706446717,1.2672053709130404,87722,6,4
"[1, 0, 0, 0, 1, 1, 1, 1, 1, 0]",7.8807893737791295,3.805775579604484,4.075013794174645,6.531882235248271,1.2333310707079335,75332,6,4
"[1, 0, 0, 0, 1, 1, 1, 1, 1, 1]",7.200521032569104,4.1530979182781325,3.0474231142909716,6.43160438392574,1.18045384590796,16902,7,3
"[1, 0, 0, 1, 0, 0, 0, 0, 0, 0]",7.209276169988372,2.4362635149927665,4.773012654995606,6.397444857187159,1.2339245293912577,7036,2,8
"[1, 0, 0, 1, 0, 0, 0, 0, 0, 1]",7.474994677997327,2.7478362614371807,4.727158416560147,6.4183793513471885,1.2676403266849166,92680,3,7
"[1, 0, 0, 1, 0, 0, 0, 0, 1, 0]",7.387372577634361,2.919818542069674,4.467554035564687,6.335514000770702,1.2875099266263332,96782,3,7
"[1, 0, 0, 1, 0, 0, 0, 0, 1, 1]",7.514704297760738,2.871922726835408,4.6427815709253295,6.503421329518645,1.2245336412594618,32801,4,6
"[1, 0, 0, 1, 0, 0, 0, 1, 0, 0]",7.22952722334463,2.6159989645148976,4.613528258829732,6.320968965605014,1.2687434574669536,80277,3,7
"[1, 0, 0, 1, 0, 0, 0, 1, 0, 1]",7.612331446297372,2.905234304042614,4.707097142254758,6.535574500515027,1.270047987404856,71008,4,6
"[1, 0, 0, 1, 0, 0, 0, 1, 1, 0]",7.315879025258644,3.1597119515627194,4.156167073695924,6.353481530490827,1.2858068244023342,94059,4,6
"[1, 0, 0, 1, 0, 0, 0, 1, 1, 1]",7.608476526247261,3.39636845528275,4.212108070964511,6.47920085723289,1.1998298216751035,26166,5,5
"[1, 0, 0, 1, 0, 0, 1, 0, 0, 0]",7.307360807767572,2.5719871759012785,4.735373631866294,6.398194372862405,1.2370784004220383,95842,3,7
"[1, 0, 0, 1, 0, 0, 1, 0, 0, 1]",7.605298239989204,3.0264183370818674,4.578879902907337,6.423397280398333,1.2863740203233465,47398,4,6
"[1, 0, 0, 1, 0, 0, 1, 0, 1, 0]",7.785648408496763,2.80787583693128,4.977772571565483,6.556191647489722,1.3239773139627793,66196,4,6
"[1, 0, 0, 1, 0, 0, 1, 0, 1, 1]",7.643993851939334,3.0997204471459208,4.5442734047934135,6.4175229524290645,1.289485760576928,58848,5,5
"[1, 0, 0, 1, 0, 0, 1, 1, 0, 0]",7.456948701729892,2.7311305082486643,4.725818193481228,6.420620450689515,1.1901797836204788,7068,4,6
"[1, 0, 0, 1, 0, 0, 1, 1, 0, 1]",7.6442012005584505,3.350526470665794,4.293674729892657,6.40622306822024,1.2270757550826847,65851,5,5
"[1, 0, 0, 1, 0, 0, 1, 1, 1, 0]",7.743822719060108,3.2098460784383254,4.533976640621782,6.469038578061919,1.2357217412588142,35820,5,5
"[1, 0, 0, 1, 0, 0, 1, 1, 1, 1]",7.388012853846216,3.699864282815778,3.6881485710304376,6.3950198474659645,1.2671877313649296,98149,6,4
"[1, 0, 0, 1, 0, 1, 0, 0, 0, 0]",7.456744172388008,2.7012344443958423,4.755509727992166,6.483860930275037,1.3279394745804176,5050,3,7
"[1, 0, 0, 1, 0, 1, 0, 0, 0, 1]",7.622751710889005,2.662948874973448,4.959802835915557,6.4329960408921725,1.25009690934567,44080,4,6
"[1, 0, 0, 1, 0, 1, 0, 0, 1, 0]",7.580561782534976,2.7337652364810743,4.846796546053902,6.423172551752935,1.1381632320749135,42873,4,6
"[1, 0, 0, 1, 0, 1, 0, 0, 1, 1]",7.583482362686966,3.1915566691079764,4.391925693578989,6.488258638157274,1.281432525407354,95625,5,5
"[1, 0, 0, 1, 0, 1, 0, 1, 0, 0]",7.398712623458112,2.8522909370826155,4.546421686375497,6.485510059352015,1.3697933852308701,56244,4,6
"[1, 0, 0, 1, 0, 1, 0, 1, 0, 1]",7.591472462411318,3.2658455647221025,4.325626897689215,6.363602127384653,1.2256184304714373,2105,5,5
"[1, 0, 0, 1, 0, 1, 0, 1, 1, 0]",7.410110956053242,3.05505668628681,4.355054269766432,6.396648306734205,1.270965467763062,70737,5,5
"[1, 0, 0, 1, 0, 1, 0, 1, 1, 1]",7.236014282574385,3.8417296619292682,3.394284620645117,6.421598609624775,1.1950522942647819,43690,6,4
"[1, 0, 0, 1, 0, 1, 1, 0, 0, 0]",7.541700504953148,2.7936409430077047,4.7480595619454435,6.376104964182117,1.2356735950756113,12524,4,6
"[1, 0, 0, 1, 0, 1, 1, 0, 0, 1]",7.502281892396699,3.1202975869079284,4.38198430548877,6.454914921245706,1.248403679133305,5030,5,5
"[1, 0, 0, 1, 0, 1, 1, 0, 1, 0]",7.475448942553294,3.2607475482050456,4.214701394348248,6.4745248904879995,1.2001489380716395,88202,5,5
"[1, 0, 0, 1, 0, 1, 1, 0, 1, 1]",7.794648977655558,3.7020542884734025,4.092594689182155,6.429590558809553,1.2211260591541844,24036,6,4
"[1, 0, 0, 1, 0, 1, 1, 1, 0, 0]",7.542545681090772,3.2601154735449343,4.282430207545838,6.431392112415823,1.1598720946356806,25280,5,5
"[1, 0, 0, 1, 0, 1, 1, 1, 0, 1]",7.5200035704060415,3.662995073826781,3.8570084965792604,6.385690102160661,1.260685652125262,27297,6,4
"[1, 0, 0, 1, 0, 1, 1, 1, 1, 0]",7.502924357669078,3.4275377714305786,4.0753865862384995,6.490001843650952,1.2517889321068183,45804,6,4
"[1, 0, 0, 1, 0, 1, 1, 1, 1, 1]",7.141458748089619,4.253558623121669,2.88790012496795,6.451316341428735,1.3351663055792462,17159,7,3
"[1, 0, 0, 1, 1, 0, 0, 0, 0, 0]",7.496862434446535,2.7446045353088104,4.7522578991377245,6.4633338768342705,1.2977252565888506,31995,3,7
"[1, 0, 0, 1, 1, 0, 0, 0, 0, 1]",7.491767017595832,2.869060627091008,4.622706390504824,6.415455133003419,1.2171085391152365,75031,4,6
"[1, 0, 0, 1, 1, 0, 0, 0, 1, 0]",7.392365920920259,2.9798788744135276,4.412487046506731,6.386973257438435,1.253822152540828,89087,4,6
"[1, 0, 0, 1, 1, 0, 0, 0, 1, 1]",7.39978204745155,3.070424188941424,4.329357858510127,6.475187231799055,1.2167872919929141,64481,5,5
"[1, 0, 0, 1, 1, 0, 0, 1, 0, 0]",7.46076405575289,2.7877137602425117,4.673050295510378,6.36082002847592,1.2190729043560207,85633,4,6
"[1, 0, 0, 1, 1, 0, 0, 1, 0, 1]",7.352508837048675,3.3127019767471424,4.039806860301533,6.392604883381056,1.250949919361533,14723,5,5
"[1, 0, 0, 1, 1, 0, 0, 1, 1, 0]",7.5705094237140855,3.0995600298716046,4.470949393842481,6.357797658050768,1.175699703534377,59623,5,5
"[1, 0, 0, 1, 1, 0, 0, 1, 1, 1]",7.428896153830701,3.5789764130433097,3.8499197407873913,6.367451148219412,1.2162705074106988,320,6,4
"[1, 0, 0, 1, 1, 0, 1, 0, 0, 0]",7.623368745736451,2.9908594711324934,4.632509274603958,6.365022326212476,1.2353158054410887,97421,4,6
"[1, 0, 0, 1, 1, 0, 1, 0, 0, 1]",7.473013849936648,3.211382163295363,4.2616316866412856,6.41395140460587,1.288663022605431,695,5,5
"[1, 0, 0, 1, 1, 0, 1, 0, 1, 0]",7.309785226731213,2.9633831933121595,4.346402033419054,6.455488591653224,1.2888078726811472,74196,5,5
"[1, 0, 0, 1, 1, 0, 1, 0, 1, 1]",7.860570119767513,3.557392857214412,4.303177262553101,6.422232490365856,1.2195509581943904,57594,6,4
"[1, 0, 0, 1, 1, 0, 1, 1, 0, 0]",7.586750516895531,3.284677454854396,4.302073062041135,6.3639226904099235,1.2352062913201305,1793,5,5
"[1, 0, 0, 1, 1, 0, 1, 1, 0, 1]",7.674019814286402,3.8332045911565014,3.840815223129901,6.421398257538919,1.2784436287435463,1113,6,4
"[1, 0, 0, 1, 1, 0, 1, 1, 1, 0]",7.713745608224922,3.6939866314932677,4.019758976731655,6.540743727855964,1.2724537956767226,4530,6,4
"[1, 0, 0, 1, 1, 0, 1, 1, 1, 1]",7.409365500532161,4.252079611119233,3.157285889412928,6.455678136630915,1.1522775775839065,21948,7,3
"[1, 0, 0, 1, 1, 1, 0, 0, 0, 0]",7.599332138848496,2.829503433534283,4.769828705314213,6.512790995894313,1.232022709433259,9569,4,6
"[1, 0, 0, 1, 1, 1, 0, 0, 0, 1]",7.72451417225098,3.1026249185625927,4.621889253688387,6.5143862570701945,1.2657356166971234,48385,5,5
"[1, 0, 0, 1, 1, 1, 0, 0, 1, 0]",7.905079678004691,3.29156691127764,4.613512766727052,6.493086201811724,1.2859501783855958,49110,5,5
"[1, 0, 0, 1, 1, 1, 0, 0, 1, 1]",7.436885996124298,3.4742555906967616,3.9626304054275363,6.434158832047712,1.2131614364547216,82290,6,4
"[1, 0, 0, 1, 1, 1, 0, 1, 0, 0]",7.545945086405296,3.23632032158467,4.309624764820626,6.489515755935009,1.2332597674902068,56617,5,5
"[1, 0, 0, 1, 1, 1, 0, 1, 0, 1]",7.72995155763381,3.634861992601459,4.095089565032351,6.516340436860425,1.2956859513092225,15058,6,4
"[1, 0, 0, 1, 1, 1, 0, 1, 1, 0]",7.5454197495667215,3.6749880597342366,3.870431689832485,6.4488347881355965,1.3151869310597277,18870,6,4
"[1, 0, 0, 1, 1, 1, 0, 1, 1, 1]",7.2476245797365415,4.198478154384508,3.049146425352033,6.43609415398522,1.3329180911747955,62306,7,3
"[1, 0, 0, 1, 1, 1, 1, 0, 0, 0]",7.573543723994957,3.160643185206758,4.412900538788199,6.421078352271407,1.233692834895651,97894,5,5
"[1, 0, 0, 1, 1, 1, 1, 0, 0, 1]",7.523390381601492,3.6823893022171728,3.841001079384319,6.516238275642619,1.2964983457445254,53646,6,4
"[1, 0, 0, 1, 1, 1, 1, 0, 1, 0]",7.594672997604534,3.8674474663468046,3.7272255312577296,6.487093125437464,1.3080238222452112,86007,6,4
"[1, 0, 0, 1, 1, 1, 1, 0, 1, 1]",7.1020823876727786,4.20315940018137,2.8989229874914084,6.4023710942444465,1.3330628655240588,27800,7,3
"[1, 0, 0, 1, 1, 1, 1, 1, 0, 0]",7.8682966143391235,3.545807511855644,4.3224891024834795,6.549348706446717,1.2672053709130404,87722,6,4
"[1, 0, 0, 1, 1, 1, 1, 1, 0, 1]",7.880678877261282,4.449080008295056,3.4315988689662262,6.531882235248271,1.2333310707079335,75332,7,3
"[1, 0, 0, 1, 1, 1, 1, 1, 1, 0]",6.951238517108803,4.219244098558728,2.731994418550075,6.43160438392574,1.18045384590796,16902,7,3
"[1, 0, 0, 1, 1, 1, 1, 1, 1, 1]",6.300671180189479,4.836408690418288,1.4642624897711904,6.397444857187159,1.2339245293912577,7036,8,2
"[1, 0, 1, 0, 0, 0, 0, 0, 0, 0]",7.361422619732343,2.549146975319739,4.812275644412604,6.4183793513471885,1.2676403266849166,92680,2,8
"[1, 0, 1, 0, 0, 0, 0, 0, 0, 1]",7.358947611863867,2.7651871216435784,4.593760490220289,6.335514000770702,1.2875099266263332,96782,3,7
"[1, 0, 1, 0, 0, 0, 0, 0, 1, 0]",7.446359869713938,2.639959400937304,4.806400468776634,6.503421329518645,1.2245336412594618,32801,3,7
"[1, 0, 1, 0, 0, 0, 0, 0, 1, 1]",7.499063611507246,2.952854147738415,4.546209463768831,6.320968965605014,1.2687434574669536,80277,4,6
"[1, 0, 1, 0, 0, 0, 0, 1, 0, 0]",7.45360130567986,2.759461319433657,4.694139986246203,6.535574500515027,1.270047987404856,71008,3,7
"[1, 0, 1, 0, 0, 0, 0, 1, 0, 1]",7.429385996212691,3.096297599457666,4.333088396755025,6.353481530490827,1.2858068244023342,94059,4,6
"[1, 0, 1, 0, 0, 0, 0, 1, 1, 0]",7.669329111145011,2.878246028956743,4.791083082188267,6.47920085723289,1.1998298216751035,26166,4,6
"[1, 0, 1, 0, 0, 0, 0, 1, 1, 1]",7.644312062248824,3.181334370616253,4.462977691632571,6.398194372862405,1.2370784004220383,95842,5,5
"[1, 0, 1, 0, 0, 0, 1, 0, 0, 0]",7.424522754403642,2.8633505270906134,4.561172227313029,6.423397280398333,1.2863740203233465,47398,3,7
"[1, 0, 1, 0, 0, 0, 1, 0, 0, 1]",7.726608067414888,2.7934528365442866,4.933155230870601,6.556191647489722,1.3239773139627793,66196,4,6
"[1, 0, 1, 0, 0, 0, 1, 0, 1, 0]",7.605370431937995,2.82851247527367,4.776857956664325,6.4175229524290645,1.289485760576928,58848,4,6
"[1, 0, 1, 0, 0, 0, 1, 0, 1, 1]",7.4566273087939,3.1823926345084543,4.274234674285445,6.420620450689515,1.1901797836204788,7068,5,5
"[1, 0, 1, 0, 0, 0, 1, 1, 0, 0]",7.415504801426428,2.8743676912579827,4.541137110168445,6.40622306822024,1.2270757550826847,65851,4,6
"[1, 0, 1, 0, 0, 0, 1, 1, 0, 1]",7.906353417688857,3.0021182259906,4.904235191698257,6.469038578061919,1.2357217412588142,35820,5,5
"[1, 0, 1, 0, 0, 0, 1, 1, 1, 0]",7.452705820850383,3.214963053623955,4.237742767226428,6.3950198474659645,1.2671877313649296,98149,5,5
"[1, 0, 1, 0, 0, 0, 1, 1, 1, 1]",7.98632887446129,3.735259857734516,4.251069016726774,6.483860930275037,1.3279394745804176,5050,6,4
"[1, 0, 1, 0, 0, 1, 0, 0, 0, 0]",7.370583148514273,2.4654749675019207,4.905108181012352,6.4329960408921725,1.25009690934567,44080,3,7
"[1, 0, 1, 0, 0, 1, 0, 0, 0, 1]",7.7389449003938005,2.700370657644407,5.038574242749394,6.423172551752935,1.1381632320749135,42873,4,6
"[1, 0, 1, 0, 0, 1, 0, 0, 1, 0]",7.561687156967254,2.800342918697087,4.761344238270167,6.488258638157274,1.281432525407354,95625,4,6
"[1, 0, 1, 0, 0, 1, 0, 0, 1, 1]",7.550659048055393,3.2846634864244493,4.265995561630944,6.485510059352015,1.3697933852308701,56244,5,5
"[1, 0, 1, 0, 0, 1, 0, 1, 0, 0]",7.722959535019444,2.8067045129894774,4.916255022029967,6.363602127384653,1.2256184304714373,2105,4,6
"[1, 0, 1, 0, 0, 1, 0, 1, 0, 1]",7.280110262156765,3.038433450894913,4.241676811261852,6.396648306734205,1.270965467763062,70737,5,5
"[1, 0, 1, 0, 0, 1, 0, 1, 1, 0]",7.606520753533282,3.3417441510773416,4.264776602455941,6.421598609624775,1.1950522942647819,43690,5,5
"[1, 0, 1, 0, 0, 1, 0, 1, 1, 1]",7.448497846346826,3.5844425682593504,3.8640552780874757,6.376104964182117,1.2356735950756113,12524,6,4
"[1, 0, 1, 0, 0, 1, 1, 0, 0, 0]",7.611628474034301,2.7631481424792828,4.8484803315550185,6.454914921245706,1.248403679133305,5030,4,6
"[1, 0, 1, 0, 0, 1, 1, 0, 0, 1]",7.75107859380801,3.2153578677488808,4.535720726059129,6.4745248904879995,1.2001489380716395,88202,5,5
"[1, 0, 1, 0, 0, 1, 1, 0, 1, 0]",7.732083804189152,3.383543793490553,4.348540010698599,6.429590558809553,1.2211260591541844,24036,5,5
"[1, 0, 1, 0, 0, 1, 1, 0, 1, 1]",7.395734287531195,3.5400829186292473,3.855651368901948,6.431392112415823,1.1598720946356806,25280,6,4
"[1, 0, 1, 0, 0, 1, 1, 1, 0, 0]",7.567126280606674,3.2410040006513547,4.326122279955319,6.385690102160661,1.260685652125262,27297,5,5
"[1, 0, 1, 0, 0, 1, 1, 1, 0, 1]",7.674017613285143,3.56207107995564,4.111946533329503,6.490001843650952,1.2517889321068183,45804,6,4
"[1, 0, 1, 0, 0, 1, 1, 1, 1, 0]",7.456731176065207,3.556182533134599,3.9005486429306084,6.451316341428735,1.3351663055792462,17159,6,4
"[1, 0, 1, 0, 0, 1, 1, 1, 1, 1]",7.338929003205764,4.316148768142192,3.022780235063572,6.4633338768342705,1.2977252565888506,31995,7,3
"[1, 0, 1, 0, 1, 0, 0, 0, 0, 0]",7.535455905611877,2.6665818842235294,4.868874021388347,6.415455133003419,1.2171085391152365,75031,3,7
"[1, 0, 1, 0, 1, 0, 0, 0, 0, 1]",7.305402597606886,2.7774369228095295,4.527965674797356,6.386973257438435,1.253822152540828,89087,4,6
"[1, 0, 1, 0, 1, 0, 0, 0, 1, 0]",7.409332427271223,2.7353889614595546,4.673943465811668,6.475187231799055,1.2167872919929141,64481,4,6
"[1, 0, 1, 0, 1, 0, 0, 0, 1, 1]",7.683507141166592,3.1151976090720024,4.56830953209459,6.36082002847592,1.2190729043560207,85633,5,5
"[1, 0, 1, 0, 1, 0, 0, 1, 0, 0]",7.290994725036632,2.8339523297316207,4.457042395305011,6.392604883381056,1.250949919361533,14723,4,6
"[1, 0, 1, 0, 1, 0, 0, 1, 0, 1]",7.639540942436968,3.1447122355705823,4.494828706866386,6.357797658050768,1.175699703534377,59623,5,5
"[1, 0, 1, 0, 1, 0, 0, 1, 1, 0]",7.514771801817725,3.197479374900139,4.317292426917586,6.367451148219412,1.2162705074106988,320,5,5
"[1, 0, 1, 0, 1, 0, 0, 1, 1, 1]",7.662505881322328,3.7318617502425524,3.930644131079776,6.365022326212476,1.2353158054410887,97421,6,4
"[1, 0, 1, 0, 1, 0, 1, 0, 0, 0]",7.445180588112078,2.8115389083608426,4.633641679751236,6.41395140460587,1.288663022605431,695,4,6
"[1, 0, 1, 0, 1, 0, 1, 0, 0, 1]",7.6183927119337085,3.077925321740224,4.540467390193484,6.455488591653224,1.2888078726811472,74196,5,5
"[1, 0, 1, 0, 1, 0, 1, 0, 1, 0]",7.4713343555536005,3.1384976798372706,4.3328366757163295,6.422232490365856,1.2195509581943904,57594,5,5
"[1, 0, 1, 0, 1, 0, 1, 0, 1, 1]",7.43317120097717,3.508953414784656,3.924217786192514,6.3639226904099235,1.2352062913201305,1793,6,4
"[1, 0, 1, 0, 1, 0, 1, 1, 0, 0]",7.659943618126649,3.067853622592094,4.592089995534555,6.421398257538919,1.2784436287435463,1113,5,5
"[1, 0, 1, 0, 1, 0, 1, 1, 0, 1]",7.680963272302701,3.81961997177186,3.8613433005308404,6.540743727855964,1.2724537956767226,4530,6,4
"[1, 0, 1, 0, 1, 0, 1, 1, 1, 0]",7.606251234647747,3.6372743408880788,3.968976893759668,6.455678136630915,1.1522775775839065,21948,6,4
"[1, 0, 1, 0, 1, 0, 1, 1, 1, 1]",7.68917100164438,4.025846926437108,3.6633240752072718,6.512790995894313,1.232022709433259,9569,7,3
"[1, 0, 1, 0, 1, 1, 0, 0, 0, 0]",7.571705756219807,2.9397499910958,4.631955765124007,6.5143862570701945,1.2657356166971234,48385,4,6
"[1, 0, 1, 0, 1, 1, 0, 0, 0, 1]",7.807068135101185,3.184451162905459,4.6226169721957255,6.493086201811724,1.2859501783855958,49110,5,5
"[1, 0, 1, 0, 1, 1, 0, 0, 1, 0]",7.665533801823827,2.9647493708330894,4.700784430990737,6.434158832047712,1.2131614364547216,82290,5,5
"[1, 0, 1, 0, 1, 1, 0, 0, 1, 1]",7.2382755108942485,3.7862596094876713,3.452015901406577,6.489515755935009,1.2332597674902068,56617,6,4
"[1, 0, 1, 0, 1, 1, 0, 1, 0, 0]",7.57535937379726,3.2767092952601904,4.2986500785370705,6.516340436860425,1.2956859513092225,15058,5,5
"[1, 0, 1, 0, 1, 1, 0, 1, 0, 1]",7.351938635496473,3.4388068840913304,3.9131317514051425,6.4488347881355965,1.3151869310597277,18870,6,4
"[1, 0, 1, 0, 1, 1, 0, 1, 1, 0]",7.51453443187077,3.767900314014369,3.7466341178564004,6.43609415398522,1.3329180911747955,62306,6,4
"[1, 0, 1, 0, 1, 1, 0, 1, 1, 1]",6.961258194924397,4.459277707146143,2.501980487778254,6.421078352271407,1.233692834895651,97894,7,3
"[1, 0, 1, 0, 1, 1, 1, 0, 0, 0]",7.583130660921434,3.1591089411488977,4.424021719772536,6.516238275642619,1.2964983457445254,53646,5,5
"[1, 0, 1, 0, 1, 1, 1, 0, 0, 1]",7.502563672582863,3.8574626955951894,3.645100976987673,6.487093125437464,1.3080238222452112,86007,6,4
"[1, 0, 1, 0, 1, 1, 1, 0, 1, 0]",7.394658017322263,3.5981333858385116,3.7965246314837517,6.4023710942444465,1.3330628655240588,27800,6,4
"[1, 0, 1, 0, 1, 1, 1, 0, 1, 1]",7.708500912523227,4.205580272355473,3.502920640167754,6.549348706446717,1.2672053709130404,87722,7,3
"[1, 0, 1, 0, 1, 1, 1, 1, 0, 0]",7.7941639794662905,3.8102678204592793,3.983896159007011,6.531882235248271,1.2333310707079335,75332,6,4
"[1, 0, 1, 0, 1, 1, 1, 1, 0, 1]",7.277087388332686,4.126829832011848,3.150257556320838,6.43160438392574,1.18045384590796,16902,7,3
"[1, 0, 1, 0, 1, 1, 1, 1, 1, 0]",7.281651210342408,4.138271683196946,3.143379527145462,6.397444857187159,1.2339245293912577,7036,7,3
"[1, 0, 1, 0, 1, 1, 1, 1, 1, 1]",6.4323008688648535,4.884185239347542,1.5481156295173113,6.4183793513471885,1.2676403266849166,92680,8,2
"[1, 0, 1, 1, 0, 0, 0, 0, 0, 0]",7.442119860032845,2.7958012728334647,4.64631858719938,6.335514000770702,1.2875099266263332,96782,3,7
"[1, 0, 1, 1, 0, 0, 0, 0, 0, 1]",7.5749211521682165,2.8747105013348904,4.700210650833326,6.503421329518645,1.2245336412594618,32801,4,6
"[1, 0, 1, 1, 0, 0, 0, 0, 1, 0]",7.449622707333952,2.7811001011899195,4.668522606144032,6.320968965605014,1.2687434574669536,80277,4,6
"[1, 0, 1, 1, 0, 0, 0, 0, 1, 1]",7.723315745106674,3.1466444589003855,4.576671286206288,6.535574500515027,1.270047987404856,71008,5,5
"[1, 0, 1, 1, 0, 0, 0, 1, 0, 0]",7.308175715195369,2.9230420090494573,4.385133706145911,6.353481530490827,1.2858068244023342,94059,4,6
"[1, 0, 1, 1, 0, 0, 0, 1, 0, 1]",7.8226201976673675,3.2183708643036057,4.604249333363762,6.47920085723289,1.1998298216751035,26166,5,5
"[1, 0, 1, 1, 0, 0, 0, 1, 1, 0]",7.676686158320662,3.2058807517529617,4.4708054065677,6.398194372862405,1.2370784004220383,95842,5,5
"[1, 0, 1, 1, 0, 0, 0, 1, 1, 1]",7.494943421394177,3.6987679727499114,3.796175448644265,6.423397280398333,1.2863740203233465,47398,6,4
"[1, 0, 1, 1, 0, 0, 1, 0, 0, 0]",7.62381841457127,2.6926724641251223,4.9311459504461475,6.556191647489722,1.3239773139627793,66196,4,6
"[1, 0, 1, 1, 0, 0, 1, 0, 0, 1]",7.794955690561361,3.130972183115067,4.663983507446294,6.4175229524290645,1.289485760576928,58848,5,5
"[1, 0, 1, 1, 0, 0, 1, 0, 1, 0]",7.622693189816569,2.9263313280340135,4.696361861782555,6.420620450689515,1.1901797836204788,7068,5,5
"[1, 0, 1, 1, 0, 0, 1, 0, 1, 1]",7.441078125971765,3.7078081291808767,3.733269996790888,6.40622306822024,1.2270757550826847,65851,6,4
"[1, 0, 1, 1, 0, 0, 1, 1, 0, 0]",7.6913741779353,3.13595091511126,4.55542326282404,6.469038578061919,1.2357217412588142,35820,5,5
"[1, 0, 1, 1, 0, 0, 1, 1, 0, 1]",7.583864910757114,3.6010006046705776,3.9828643060865367,6.3950198474659645,1.2671877313649296,98149,6,4
"[1, 0, 1, 1, 0, 0, 1, 1, 1, 0]",7.791755680906783,3.596246705666515,4.1955089752402674,6.483860930275037,1.3279394745804176,5050,6,4
"[1, 0, 1, 1, 0, 0, 1, 1, 1, 1]",7.308115201029544,4.188888024784407,3.119227176245137,6.4329960408921725,1.25009690934567,44080,7,3
"[1, 0, 1, 1, 0, 1, 0, 0, 0, 0]",7.680731837297021,2.819532776243458,4.861199061053563,6.423172551752935,1.1381632320749135,42873,4,6
"[1, 0, 1, 1, 0, 1, 0, 0, 0, 1]",7.74542058886645,3.0604894871221844,4.684931101744265,6.488258638157274,1.281432525407354,95625,5,5
"[1, 0, 1, 1, 0, 1, 0, 0, 1, 0]",7.666046132239116,3.2403006926820965,4.425745439557019,6.485510059352015,1.3697933852308701,56244,5,5
"[1, 0, 1, 1, 0, 1, 0, 0, 1, 1]",7.588458807484183,3.6690172840502666,3.919441523433916,6.363602127384653,1.2256184304714373,2105,6,4
"[1, 0, 1, 1, 0, 1, 0, 1, 0, 0]",7.314142644123293,3.0160180904781946,4.298124553645098,6.396648306734205,1.270965467763062,70737,5,5
"[1, 0, 1, 1, 0, 1, 0, 1, 0, 1]",7.438673831924725,3.7027230943955747,3.7359507375291505,6.421598609624775,1.1950522942647819,43690,6,4
"[1, 0, 1, 1, 0, 1, 0, 1, 1, 0]",7.505718480144819,3.286773529815208,4.218944950329611,6.376104964182117,1.2356735950756113,12524,6,4
"[1, 0, 1, 1, 0, 1, 0, 1, 1, 1]",7.201567300211781,4.334217042572592,2.8673502576391883,6.454914921245706,1.248403679133305,5030,7,3
"[1, 0, 1, 1, 0, 1, 1, 0, 0, 0]",7.603641112992743,3.177359626648744,4.426281486343999,6.4745248904879995,1.2001489380716395,88202,5,5
"[1, 0, 1, 1, 0, 1, 1, 0, 0, 1]",7.725692405028449,3.5705528462886957,4.155139558739753,6.429590558809553,1.2211260591541844,24036,6,4
"[1, 0, 1, 1, 0, 1, 1, 0, 1, 0]",7.53435969305252,3.5952613604138604,3.9390983326386593,6.431392112415823,1.1598720946356806,25280,6,4
"[1, 0, 1, 1, 0, 1, 1, 0, 1, 1]",7.115601676809916,4.198528819604849,2.917072857205067,6.385690102160661,1.260685652125262,27297,7,3
"[1, 0, 1, 1, 0, 1, 1, 1, 0, 0]",7.574605365111464,3.2829280141462465,4.291677350965218,6.490001843650952,1.2517889321068183,45804,6,4
"[1, 0, 1, 1, 0, 1, 1, 1, 0, 1]",7.147344510431869,4.141735880352461,3.005608630079408,6.451316341428735,1.3351663055792462,17159,7,3
"[1, 0, 1, 1, 0, 1, 1, 1, 1, 0]",7.618768213069385,4.146176103135649,3.4725921099337356,6.4633338768342705,1.2977252565888506,31995,7,3
"[1, 0, 1, 1, 0, 1, 1, 1, 1, 1]",6.18147585977738,4.943963608414264,1.2375122513631158,6.415455133003419,1.2171085391152365,75031,8,2
"[1, 0, 1, 1, 1, 0, 0, 0, 0, 0]",7.280371362181438,2.905381011644886,4.374990350536552,6.386973257438435,1.253822152540828,89087,4,6
"[1, 0, 1, 1, 1, 0, 0, 0, 0, 1]",7.389166592101182,3.052398286352361,4.336768305748821,6.475187231799055,1.2167872919929141,64481,5,5
"[1, 0, 1, 1, 1, 0, 0, 0, 1, 0]",7.606470390045045,2.9617161703864743,4.644754219658571,6.36082002847592,1.2190729043560207,85633,5,5
"[1, 0, 1, 1, 1, 0, 0, 0, 1, 1]",7.346814386131679,3.463144545048041,3.8836698410836377,6.392604883381056,1.250949919361533,14723,6,4
"[1, 0, 1, 1, 1, 0, 0, 1, 0, 0]",7.634426598391841,2.9523422247435094,4.6820843736483315,6.357797658050768,1.175699703534377,59623,5,5
"[1, 0, 1, 1, 1, 0, 0, 1, 0, 1]",7.751749907894713,3.317860723001015,4.433889184893698,6.367451148219412,1.2162705074106988,320,6,4
"[1, 0, 1, 1, 1, 0, 0, 1, 1, 0]",7.4467272184692375,3.686124470991011,3.7606027474782264,6.365022326212476,1.2353158054410887,97421,6,4
"[1, 0, 1, 1, 1, 0, 0, 1, 1, 1]",6.9777775283696695,4.180474265278511,2.797303263091158,6.41395140460587,1.288663022605431,695,7,3
"[1, 0, 1, 1, 1, 0, 1, 0, 0, 0]",7.395018531268601,3.062782869775161,4.33223566149344,6.455488591653224,1.2888078726811472,74196,5,5
"[1, 0, 1, 1, 1, 0, 1, 0, 0, 1]",7.731319519837263,3.5535654535470913,4.177754066290172,6.422232490365856,1.2195509581943904,57594,6,4
"[1, 0, 1, 1, 1, 0, 1, 0, 1, 0]",7.457672623570412,3.5104161724867318,3.94725645108368,6.3639226904099235,1.2352062913201305,1793,6,4
"[1, 0, 1, 1, 1, 0, 1, 0, 1, 1]",7.098087645567744,4.178504646184003,2.9195829993837403,6.421398257538919,1.2784436287435463,1113,7,3
"[1, 0, 1, 1, 1, 0, 1, 1, 0, 0]",7.649270512949034,3.697514404134111,3.951756108814923,6.540743727855964,1.2724537956767226,4530,6,4
"[1, 0, 1, 1, 1, 0, 1, 1, 0, 1]",7.598411001544089,4.023025250571101,3.5753857509729876,6.455678136630915,1.1522775775839065,21948,7,3
"[1, 0, 1, 1, 1, 0, 1, 1, 1, 0]",7.401363936378318,4.09391641920621,3.3074475171721076,6.512790995894313,1.232022709433259,9569,7,3
"[1, 0, 1, 1, 1, 0, 1, 1, 1, 1]",6.369277413969372,4.736367226441549,1.6329101875278234,6.5143862570701945,1.2657356166971234,48385,8,2
"[1, 0, 1, 1, 1, 1, 0, 0, 0, 0]",7.759264379134043,3.2725311758954176,4.486733203238625,6.493086201811724,1.2859501783855958,49110,5,5
"[1, 0, 1, 1, 1, 1, 0, 0, 0, 1]",7.789677525802206,3.401652228673674,4.388025297128532,6.434158832047712,1.2131614364547216,82290,6,4
"[1, 0, 1, 1, 1, 1, 0, 0, 1, 0]",7.422803938252752,3.6256191305624044,3.7971848076903476,6.489515755935009,1.2332597674902068,56617,6,4
"[1, 0, 1, 1, 1, 1, 0, 0, 1, 1]",7.411067626954683,3.9939207532762633,3.4171468736784196,6.516340436860425,1.2956859513092225,15058,7,3
"[1, 0, 1, 1, 1, 1, 0, 1, 0, 0]",7.6646100477474945,3.61110304783766,4.0535069999098345,6.4488347881355965,1.3151869310597277,18870,6,4
"[1, 0, 1, 1, 1, 1, 0, 1, 0, 1]",7.231232954248913,4.118406132742362,3.112826821506551,6.43609415398522,1.3329180911747955,62306,7,3
"[1, 0, 1, 1, 1, 1, 0, 1, 1, 0]",7.25468146728915,4.102956346350711,3.1517251209384396,6.421078352271407,1.233692834895651,97894,7,3
"[1, 0, 1, 1, 1, 1, 0, 1, 1, 1]",6.585775627430314,4.804578954584134,1.78119667284618,6.516238275642619,1.2964983457445254,53646,8,2
"[1, 0, 1, 1, 1, 1, 1, 0, 0, 0]",7.697671057392592,3.6734221012937436,4.024248956098848,6.487093125437464,1.3080238222452112,86007,6,4
"[1, 0, 1, 1, 1, 1, 1, 0, 0, 1]",6.957645470199979,4.162587228419592,2.795058241780387,6.4023710942444465,1.3330628655240588,27800,7,3
"[1, 0, 1, 1, 1, 1, 1, 0, 1, 0]",7.427811380742404,4.245171597261896,3.182639783480508,6.549348706446717,1.2672053709130404,87722,7,3
"[1, 0, 1, 1, 1, 1, 1, 0, 1, 1]",6.386181261611375,4.811636924590378,1.5745443370209973,6.531882235248271,1.2333310707079335,75332,8,2
"[1, 0, 1, 1, 1, 1, 1, 1, 0, 0]",7.214242828969991,4.195731272328681,3.01851155664131,6.43160438392574,1.18045384590796,16902,7,3
"[1, 0, 1, 1, 1, 1, 1, 1, 0, 1]",6.181930877483938,4.781353578838039,1.4005772986458993,6.397444857187159,1.2339245293912577,7036,8,2
"[1, 0, 1, 1, 1, 1, 1, 1, 1, 0]",5.946101775613851,4.751688321996728,1.1944134536171234,6.4183793513471885,1.2676403266849166,92680,8,2
"[1, 0, 1, 1, 1, 1, 1, 1, 1, 1]",4.140805922368448,4.911629644250445,-0.7708237218819969,6.335514000770702,1.2875099266263332,96782,9,1
